-- --------------------------------------------------------
-- Host:                         localhost
-- Versión del servidor:         5.7.24 - MySQL Community Server (GPL)
-- SO del servidor:              Win64
-- HeidiSQL Versión:             10.2.0.5599
-- --------------------------------------------------------

/*!40101 SET @OLD_CHARACTER_SET_CLIENT=@@CHARACTER_SET_CLIENT */;
/*!40101 SET NAMES utf8 */;
/*!50503 SET NAMES utf8mb4 */;
/*!40014 SET @OLD_FOREIGN_KEY_CHECKS=@@FOREIGN_KEY_CHECKS, FOREIGN_KEY_CHECKS=0 */;
/*!40101 SET @OLD_SQL_MODE=@@SQL_MODE, SQL_MODE='NO_AUTO_VALUE_ON_ZERO' */;


-- Volcando estructura de base de datos para symfofilms
DROP DATABASE IF EXISTS `symfofilms`;
CREATE DATABASE IF NOT EXISTS `symfofilms` /*!40100 DEFAULT CHARACTER SET latin1 */;
USE `symfofilms`;

-- Volcando estructura para tabla symfofilms.actor
DROP TABLE IF EXISTS `actor`;
CREATE TABLE IF NOT EXISTS `actor` (
  `id` int(11) NOT NULL AUTO_INCREMENT,
  `nombre` varchar(255) COLLATE utf8_unicode_ci NOT NULL,
  `fechanacimiento` datetime DEFAULT NULL,
  `nacionalidad` varchar(255) COLLATE utf8_unicode_ci DEFAULT NULL,
  `biografia` longtext COLLATE utf8_unicode_ci,
  `portrait` varchar(255) COLLATE utf8_unicode_ci DEFAULT NULL,
  `gender` varchar(1) COLLATE utf8_unicode_ci NOT NULL,
  PRIMARY KEY (`id`)
) ENGINE=InnoDB AUTO_INCREMENT=88 DEFAULT CHARSET=utf8 COLLATE=utf8_unicode_ci;

-- Volcando datos para la tabla symfofilms.actor: ~81 rows (aproximadamente)
DELETE FROM `actor`;
/*!40000 ALTER TABLE `actor` DISABLE KEYS */;
INSERT INTO `actor` (`id`, `nombre`, `fechanacimiento`, `nacionalidad`, `biografia`, `portrait`, `gender`) VALUES
	(1, 'John Belushi', '2017-04-04 00:00:00', 'Canadiense', 'Lorem ipsum, dolor sit amet consectetur adipisicing elit. Saepe nisi molestiae libero harum magni distinctio deleniti debitis a expedita quasi quisquam aperiam recusandae dicta voluptatibus sapiente laboriosam at autem suscipit quibusdam, repellendus ad corrupti. Reiciendis, quos obcaecati incidunt error, iste ea, dolorem corporis dicta veniam fugiat maxime ex. Repellat, ut! Reiciendis incidunt quis mollitia officia quibusdam atque eveniet, excepturi voluptas! Eveniet quod quidem repellat nostrum, quibusdam sint, incidunt impedit obcaecati atque est nulla cupiditate id rem temporibus? Obcaecati quisquam fugiat adipisci? Fugiat fugit laborum facere aliquam veniam ex aperiam tenetur, neque repudiandae atque excepturi dolorem commodi cupiditate itaque quam accusamus?\r\n\r\nLorem ipsum dolor sit amet consectetur adipisicing elit. Officiis ad harum in, atque laborum cumque nostrum sit maiores asperiores incidunt debitis pariatur deleniti reprehenderit obcaecati esse provident reiciendis earum, nihil repellat natus animi ullam voluptatibus? Quibusdam quod veniam delectus exercitationem excepturi et repellendus quas consectetur expedita ducimus accusamus optio non natus, ab nostrum ex cupiditate quaerat rem sed iste? Tenetur doloremque animi ipsa architecto pariatur odio, fuga mollitia amet deserunt voluptatem incidunt veniam rem quae! Fugiat odio blanditiis cum. Esse, commodi officia exercitationem repudiandae distinctio nulla blanditiis voluptatibus deserunt. Quos numquam ipsa dolorum mollitia at debitis alias, voluptatem adipisci reiciendis deserunt animi quis magnam officiis ex autem asperiores corporis. Ducimus minima nobis maxime eaque fugit id cumque consequatur modi. Aut!\r\nLorem ipsum dolor sit amet consectetur adipisicing elit. Officiis ad harum in, atque laborum cumque nostrum sit maiores asperiores incidunt debitis pariatur deleniti reprehenderit obcaecati esse provident reiciendis earum, nihil repellat natus animi ullam voluptatibus? Quibusdam quod veniam delectus exercitationem excepturi et repellendus quas consectetur expedita ducimus accusamus optio non natus, ab nostrum ex cupiditate quaerat rem sed iste? Tenetur doloremque animi ipsa architecto pariatur odio, fuga mollitia amet deserunt voluptatem incidunt veniam rem quae! Fugiat odio blanditiis cum. Esse, commodi officia exercitationem repudiandae distinctio nulla blanditiis voluptatibus deserunt. Quos numquam ipsa dolorum mollitia at debitis alias, voluptatem adipisci reiciendis deserunt animi quis magnam officiis ex autem asperiores corporis. Ducimus minima nobis maxime eaque fugit id cumque consequatur modi. Aut!', NULL, 'M'),
	(2, 'John Fogerty', '2016-05-04 00:00:00', 'Belga', 'Lorem ipsum dolor sit amet consectetur adipisicing elit. Officiis ad harum in, atque laborum cumque nostrum sit maiores asperiores incidunt debitis pariatur deleniti reprehenderit obcaecati esse provident reiciendis earum, nihil repellat natus animi ullam voluptatibus? Quibusdam quod veniam delectus exercitationem excepturi et repellendus quas consectetur expedita ducimus accusamus optio non natus, ab nostrum ex cupiditate quaerat rem sed iste? Tenetur doloremque animi ipsa architecto pariatur odio, fuga mollitia amet deserunt voluptatem incidunt veniam rem quae! Fugiat odio blanditiis cum. Esse, commodi officia exercitationem repudiandae distinctio nulla blanditiis voluptatibus deserunt. Quos numquam ipsa dolorum mollitia at debitis alias, voluptatem adipisci reiciendis deserunt animi quis magnam officiis ex autem asperiores corporis. Ducimus minima nobis maxime eaque fugit id cumque consequatur modi. Aut!', NULL, 'M'),
	(4, 'John Belushi', '2010-01-01 00:00:00', 'Canadiense', 'Lorem ipsum dolor sit amet consectetur adipisicing elit. Officiis ad harum in, atque laborum cumque nostrum sit maiores asperiores incidunt debitis pariatur deleniti reprehenderit obcaecati esse provident reiciendis earum, nihil repellat natus animi ullam voluptatibus? Quibusdam quod veniam delectus exercitationem excepturi et repellendus quas consectetur expedita ducimus accusamus optio non natus, ab nostrum ex cupiditate quaerat rem sed iste? Tenetur doloremque animi ipsa architecto pariatur odio, fuga mollitia amet deserunt voluptatem incidunt veniam rem quae! Fugiat odio blanditiis cum. Esse, commodi officia exercitationem repudiandae distinctio nulla blanditiis voluptatibus deserunt. Quos numquam ipsa dolorum mollitia at debitis alias, voluptatem adipisci reiciendis deserunt animi quis magnam officiis ex autem asperiores corporis. Ducimus minima nobis maxime eaque fugit id cumque consequatur modi. Aut!', NULL, 'M'),
	(5, 'Maria de Medeiros', '2017-04-04 00:00:00', 'Portuguesa', 'Lorem, ipsum dolor sit amet consectetur adipisicing elit. Earum accusamus distinctio reiciendis cumque impedit dicta expedita aspernatur culpa. Maxime perferendis unde commodi id doloremque qui placeat voluptatum. Quasi exercitationem numquam explicabo maiores optio? Eos, quibusdam est? Saepe pariatur numquam hic, laborum sit molestiae! Ipsum temporibus quaerat soluta minus architecto ad nihil eaque, pariatur quo necessitatibus autem officiis veniam aspernatur harum dignissimos alias ab nemo! Placeat odit rem expedita architecto voluptate aliquam corporis nobis necessitatibus qui? Ea officia asperiores ut odio.', NULL, 'F'),
	(6, 'John Fogerty', '2019-01-01 00:00:00', 'Canadiense', 'Lorem ipsum, dolor sit amet consectetur adipisicing elit. Saepe nisi molestiae libero harum magni distinctio deleniti debitis a expedita quasi quisquam aperiam recusandae dicta voluptatibus sapiente laboriosam at autem suscipit quibusdam, repellendus ad corrupti. Reiciendis, quos obcaecati incidunt error, iste ea, dolorem corporis dicta veniam fugiat maxime ex. Repellat, ut! Reiciendis incidunt quis mollitia officia quibusdam atque eveniet, excepturi voluptas! Eveniet quod quidem repellat nostrum, quibusdam sint, incidunt impedit obcaecati atque est nulla cupiditate id rem temporibus? Obcaecati quisquam fugiat adipisci? Fugiat fugit laborum facere aliquam veniam ex aperiam tenetur, neque repudiandae atque excepturi dolorem commodi cupiditate itaque quam accusamus?\r\n\r\nLorem ipsum dolor sit amet consectetur adipisicing elit. Officiis ad harum in, atque laborum cumque nostrum sit maiores asperiores incidunt debitis pariatur deleniti reprehenderit obcaecati esse provident reiciendis earum, nihil repellat natus animi ullam voluptatibus? Quibusdam quod veniam delectus exercitationem excepturi et repellendus quas consectetur expedita ducimus accusamus optio non natus, ab nostrum ex cupiditate quaerat rem sed iste? Tenetur doloremque animi ipsa architecto pariatur odio, fuga mollitia amet deserunt voluptatem incidunt veniam rem quae! Fugiat odio blanditiis cum. Esse, commodi officia exercitationem repudiandae distinctio nulla blanditiis voluptatibus deserunt. Quos numquam ipsa dolorum mollitia at debitis alias, voluptatem adipisci reiciendis deserunt animi quis magnam officiis ex autem asperiores corporis. Ducimus minima nobis maxime eaque fugit id cumque consequatur modi. Aut!\r\nLorem ipsum dolor sit amet consectetur adipisicing elit. Officiis ad harum in, atque laborum cumque nostrum sit maiores asperiores incidunt debitis pariatur deleniti reprehenderit obcaecati esse provident reiciendis earum, nihil repellat natus animi ullam voluptatibus? \r\nQuibusdam quod veniam delectus exercitationem excepturi et repellendus quas consectetur expedita ducimus accusamus optio non natus, ab nostrum ex cupiditate quaerat rem sed iste? Tenetur doloremque animi ipsa architecto pariatur odio, fuga mollitia amet deserunt voluptatem\r\n incidunt veniam rem quae! Fugiat odio blanditiis cum. Esse, commodi officia exercitationem repudiandae distinctio nulla blanditiis voluptatibus deserunt. \r\nQuos numquam ipsa dolorum mollitia at debitis alias, voluptatem adipisci reiciendis deserunt animi quis magnam officiis ex autem asperiores corporis.\r\n Ducimus minima nobis maxime eaque fugit id cumque consequatur modi. Aut!', NULL, 'M'),
	(8, 'John Belushi', '2016-02-01 00:00:00', 'Nueva Zelanda', 'lorem ipsum dolor', NULL, 'M'),
	(9, 'Maria de Medeiros', '1958-11-12 11:58:06', 'Canadiense', 'Lorem ipsum, dolor sit amet consectetur adipisicing elit. Saepe nisi molestiae libero harum magni distinctio deleniti debitis a expedita quasi quisquam aperiam recusandae dicta voluptatibus sapiente laboriosam at autem suscipit quibusdam, repellendus ad corrupti. Reiciendis, quos obcaecati incidunt error, iste ea, dolorem corporis dicta veniam fugiat maxime ex. Repellat, ut! Reiciendis incidunt quis mollitia officia quibusdam atque eveniet, excepturi voluptas! Eveniet quod quidem repellat nostrum, quibusdam sint, incidunt impedit obcaecati atque est nulla cupiditate id rem temporibus? Obcaecati quisquam fugiat adipisci? Fugiat fugit laborum facere aliquam veniam ex aperiam tenetur, neque repudiandae atque excepturi dolorem commodi cupiditate itaque quam accusamus?', NULL, 'F'),
	(10, 'John Belushi', '2019-02-02 00:00:00', 'Canadiense', 'afdas', NULL, 'M'),
	(11, 'PAcoJ', '1968-03-25 00:00:00', 'britanica', 'lorem', NULL, 'M'),
	(12, 'Pedro Marmol', '1995-07-28 00:00:00', 'Canadiense', 'lorem', NULL, 'M'),
	(13, 'John Belushi', '2008-02-29 00:00:00', 'Canadiense', 'lorem', NULL, 'M'),
	(14, 'John Belushi', '1969-02-28 00:00:00', 'Canadiense', 'Lorem, ipsum dolor sit amet consectetur adipisicing elit.\r\n Tempora id, mollitia minus natus, labore, dolores earum quos molestias corporis magnam repellendus.\r\n A deserunt placeat temporibus voluptatem ducimus, cumque laborum, corporis maiores iste pariatur quidem \r\nporro distinctio ratione. Obcaecati illo vel, maiores ducimus sequi odio voluptatem? Id, consequuntur magni laudantium sint ab autem saepe reiciendis quibusdam obcaecati laborum rem possimus beatae dolores veniam omnis reprehenderit, accusamus sunt quo officia quas facere eum ex. \r\nAd repellat dolorum ipsa id neque nemo dicta? Fugiat, velit ipsum! Asperiores ab repellat sunt voluptatem placeat quam quae nisi totam id. Dicta, ad eum, eaque voluptatum eius delectus dignissimos quisquam reiciendis autem sapiente deleniti iste nulla minima et. Sed, fuga excepturi maiores saepe modi, ipsum repudiandae alias, pariatur dolore sit laboriosam iste. Ratione cum adipisci voluptate architecto necessitatibus quasi voluptatum mollitia sequi non fuga? \r\nIpsa explicabo harum aperiam, ullam nam ducimus neque. Temporibus eligendi quod \r\nvero debitis, illum aut nulla distinctio vel. Ab doloremque accusantium velit, excepturi atque dolor! \r\nTenetur consequatur nostrum velit. Pariatur suscipit dicta laboriosam eveniet quidem rem ex aut et quam deserunt ea sunt, dolorum quo vel molestias ut non quis modi repellendus optio, alias necessitatibus ducimus velit esse. Itaque corporis eos molestiae sed.', NULL, 'M'),
	(15, 'John Belushi', '2009-02-05 00:00:00', 'Portuguesa', 'fgsdafgdsgf', NULL, 'M'),
	(16, 'John Belushi', '2009-02-05 00:00:00', 'Portuguesa', 'fgsdafgdsgf', NULL, 'M'),
	(17, 'John Belushi', '2009-02-05 00:00:00', 'Portuguesa', 'fgsdafgdsgf', NULL, 'M'),
	(18, 'John Belushi', '2009-02-05 00:00:00', 'Portuguesa', 'fgsdafgdsgf', NULL, 'M'),
	(20, 'John Belushi', '2009-02-05 00:00:00', 'Portuguesa', 'fgsdafgdsgf', NULL, 'M'),
	(21, 'John Belushi', '2009-02-05 00:00:00', 'Portuguesa', 'fgsdafgdsgf', NULL, 'M'),
	(22, 'John Belushi', '2009-02-05 00:00:00', 'Portuguesa', 'fgsdafgdsgf', NULL, 'M'),
	(23, 'John Belushi', '2009-02-05 00:00:00', 'Portuguesa', 'fgsdafgdsgf', NULL, 'M'),
	(24, 'John Belushi', '2009-02-05 00:00:00', 'Portuguesa', 'fgsdafgdsgf', NULL, 'M'),
	(25, 'John Belushi', '2009-02-05 00:00:00', 'Portuguesa', 'fgsdafgdsgf', NULL, 'M'),
	(26, 'Maria de Medeiros', '1958-11-12 11:58:06', 'Canadiense', 'Lorem ipsum, dolor sit amet consectetur adipisicing elit. Saepe nisi molestiae libero harum magni distinctio deleniti debitis a expedita quasi quisquam aperiam recusandae dicta voluptatibus sapiente laboriosam at autem suscipit quibusdam, repellendus ad corrupti. Reiciendis, quos obcaecati incidunt error, iste ea, dolorem corporis dicta veniam fugiat maxime ex. Repellat, ut! Reiciendis incidunt quis mollitia officia quibusdam atque eveniet, excepturi voluptas! Eveniet quod quidem repellat nostrum, quibusdam sint, incidunt impedit obcaecati atque est nulla cupiditate id rem temporibus? Obcaecati quisquam fugiat adipisci? Fugiat fugit laborum facere aliquam veniam ex aperiam tenetur, neque repudiandae atque excepturi dolorem commodi cupiditate itaque quam accusamus?', NULL, 'F'),
	(27, 'Maria de Medeiros', '1958-11-12 11:58:06', 'Canadiense', 'Lorem ipsum, dolor sit amet consectetur adipisicing elit. Saepe nisi molestiae libero harum magni distinctio deleniti debitis a expedita quasi quisquam aperiam recusandae dicta voluptatibus sapiente laboriosam at autem suscipit quibusdam, repellendus ad corrupti. Reiciendis, quos obcaecati incidunt error, iste ea, dolorem corporis dicta veniam fugiat maxime ex. Repellat, ut! Reiciendis incidunt quis mollitia officia quibusdam atque eveniet, excepturi voluptas! Eveniet quod quidem repellat nostrum, quibusdam sint, incidunt impedit obcaecati atque est nulla cupiditate id rem temporibus? Obcaecati quisquam fugiat adipisci? Fugiat fugit laborum facere aliquam veniam ex aperiam tenetur, neque repudiandae atque excepturi dolorem commodi cupiditate itaque quam accusamus?', NULL, 'F'),
	(28, 'Maria de Medeiros', '1958-11-12 11:58:06', 'Canadiense', 'Lorem ipsum, dolor sit amet consectetur adipisicing elit. Saepe nisi molestiae libero harum magni distinctio deleniti debitis a expedita quasi quisquam aperiam recusandae dicta voluptatibus sapiente laboriosam at autem suscipit quibusdam, repellendus ad corrupti. Reiciendis, quos obcaecati incidunt error, iste ea, dolorem corporis dicta veniam fugiat maxime ex. Repellat, ut! Reiciendis incidunt quis mollitia officia quibusdam atque eveniet, excepturi voluptas! Eveniet quod quidem repellat nostrum, quibusdam sint, incidunt impedit obcaecati atque est nulla cupiditate id rem temporibus? Obcaecati quisquam fugiat adipisci? Fugiat fugit laborum facere aliquam veniam ex aperiam tenetur, neque repudiandae atque excepturi dolorem commodi cupiditate itaque quam accusamus?', NULL, 'F'),
	(29, 'Maria de Medeiros', '1958-11-12 11:58:06', 'Canadiense', 'Lorem ipsum, dolor sit amet consectetur adipisicing elit. Saepe nisi molestiae libero harum magni distinctio deleniti debitis a expedita quasi quisquam aperiam recusandae dicta voluptatibus sapiente laboriosam at autem suscipit quibusdam, repellendus ad corrupti. Reiciendis, quos obcaecati incidunt error, iste ea, dolorem corporis dicta veniam fugiat maxime ex. Repellat, ut! Reiciendis incidunt quis mollitia officia quibusdam atque eveniet, excepturi voluptas! Eveniet quod quidem repellat nostrum, quibusdam sint, incidunt impedit obcaecati atque est nulla cupiditate id rem temporibus? Obcaecati quisquam fugiat adipisci? Fugiat fugit laborum facere aliquam veniam ex aperiam tenetur, neque repudiandae atque excepturi dolorem commodi cupiditate itaque quam accusamus?', NULL, 'F'),
	(30, 'Maria de Medeiros', '1958-11-12 11:58:06', 'Canadiense', 'Lorem ipsum, dolor sit amet consectetur adipisicing elit. Saepe nisi molestiae libero harum magni distinctio deleniti debitis a expedita quasi quisquam aperiam recusandae dicta voluptatibus sapiente laboriosam at autem suscipit quibusdam, repellendus ad corrupti. Reiciendis, quos obcaecati incidunt error, iste ea, dolorem corporis dicta veniam fugiat maxime ex. Repellat, ut! Reiciendis incidunt quis mollitia officia quibusdam atque eveniet, excepturi voluptas! Eveniet quod quidem repellat nostrum, quibusdam sint, incidunt impedit obcaecati atque est nulla cupiditate id rem temporibus? Obcaecati quisquam fugiat adipisci? Fugiat fugit laborum facere aliquam veniam ex aperiam tenetur, neque repudiandae atque excepturi dolorem commodi cupiditate itaque quam accusamus?', NULL, 'F'),
	(31, 'Maria de Medeiros', '1958-11-12 11:58:06', 'Canadiense', 'Lorem ipsum, dolor sit amet consectetur adipisicing elit. Saepe nisi molestiae libero harum magni distinctio deleniti debitis a expedita quasi quisquam aperiam recusandae dicta voluptatibus sapiente laboriosam at autem suscipit quibusdam, repellendus ad corrupti. Reiciendis, quos obcaecati incidunt error, iste ea, dolorem corporis dicta veniam fugiat maxime ex. Repellat, ut! Reiciendis incidunt quis mollitia officia quibusdam atque eveniet, excepturi voluptas! Eveniet quod quidem repellat nostrum, quibusdam sint, incidunt impedit obcaecati atque est nulla cupiditate id rem temporibus? Obcaecati quisquam fugiat adipisci? Fugiat fugit laborum facere aliquam veniam ex aperiam tenetur, neque repudiandae atque excepturi dolorem commodi cupiditate itaque quam accusamus?', NULL, 'F'),
	(32, 'Maria de Medeiros', '1958-11-12 11:58:06', 'Canadiense', 'Lorem ipsum, dolor sit amet consectetur adipisicing elit. Saepe nisi molestiae libero harum magni distinctio deleniti debitis a expedita quasi quisquam aperiam recusandae dicta voluptatibus sapiente laboriosam at autem suscipit quibusdam, repellendus ad corrupti. Reiciendis, quos obcaecati incidunt error, iste ea, dolorem corporis dicta veniam fugiat maxime ex. Repellat, ut! Reiciendis incidunt quis mollitia officia quibusdam atque eveniet, excepturi voluptas! Eveniet quod quidem repellat nostrum, quibusdam sint, incidunt impedit obcaecati atque est nulla cupiditate id rem temporibus? Obcaecati quisquam fugiat adipisci? Fugiat fugit laborum facere aliquam veniam ex aperiam tenetur, neque repudiandae atque excepturi dolorem commodi cupiditate itaque quam accusamus?', NULL, 'F'),
	(33, 'Maria de Medeiros', '1958-11-12 11:58:06', 'Canadiense', 'Lorem ipsum, dolor sit amet consectetur adipisicing elit. Saepe nisi molestiae libero harum magni distinctio deleniti debitis a expedita quasi quisquam aperiam recusandae dicta voluptatibus sapiente laboriosam at autem suscipit quibusdam, repellendus ad corrupti. Reiciendis, quos obcaecati incidunt error, iste ea, dolorem corporis dicta veniam fugiat maxime ex. Repellat, ut! Reiciendis incidunt quis mollitia officia quibusdam atque eveniet, excepturi voluptas! Eveniet quod quidem repellat nostrum, quibusdam sint, incidunt impedit obcaecati atque est nulla cupiditate id rem temporibus? Obcaecati quisquam fugiat adipisci? Fugiat fugit laborum facere aliquam veniam ex aperiam tenetur, neque repudiandae atque excepturi dolorem commodi cupiditate itaque quam accusamus?', NULL, 'F'),
	(34, 'Maria de Medeiros', '1958-11-12 11:58:06', 'Canadiense', 'Lorem ipsum, dolor sit amet consectetur adipisicing elit. Saepe nisi molestiae libero harum magni distinctio deleniti debitis a expedita quasi quisquam aperiam recusandae dicta voluptatibus sapiente laboriosam at autem suscipit quibusdam, repellendus ad corrupti. Reiciendis, quos obcaecati incidunt error, iste ea, dolorem corporis dicta veniam fugiat maxime ex. Repellat, ut! Reiciendis incidunt quis mollitia officia quibusdam atque eveniet, excepturi voluptas! Eveniet quod quidem repellat nostrum, quibusdam sint, incidunt impedit obcaecati atque est nulla cupiditate id rem temporibus? Obcaecati quisquam fugiat adipisci? Fugiat fugit laborum facere aliquam veniam ex aperiam tenetur, neque repudiandae atque excepturi dolorem commodi cupiditate itaque quam accusamus?', NULL, 'F'),
	(35, 'Maria de Medeiros', '1958-11-12 11:58:06', 'Canadiense', 'Lorem ipsum, dolor sit amet consectetur adipisicing elit. Saepe nisi molestiae libero harum magni distinctio deleniti debitis a expedita quasi quisquam aperiam recusandae dicta voluptatibus sapiente laboriosam at autem suscipit quibusdam, repellendus ad corrupti. Reiciendis, quos obcaecati incidunt error, iste ea, dolorem corporis dicta veniam fugiat maxime ex. Repellat, ut! Reiciendis incidunt quis mollitia officia quibusdam atque eveniet, excepturi voluptas! Eveniet quod quidem repellat nostrum, quibusdam sint, incidunt impedit obcaecati atque est nulla cupiditate id rem temporibus? Obcaecati quisquam fugiat adipisci? Fugiat fugit laborum facere aliquam veniam ex aperiam tenetur, neque repudiandae atque excepturi dolorem commodi cupiditate itaque quam accusamus?', NULL, 'F'),
	(36, 'Maria de Medeiros', '1958-11-12 11:58:06', 'Canadiense', 'Lorem ipsum, dolor sit amet consectetur adipisicing elit. Saepe nisi molestiae libero harum magni distinctio deleniti debitis a expedita quasi quisquam aperiam recusandae dicta voluptatibus sapiente laboriosam at autem suscipit quibusdam, repellendus ad corrupti. Reiciendis, quos obcaecati incidunt error, iste ea, dolorem corporis dicta veniam fugiat maxime ex. Repellat, ut! Reiciendis incidunt quis mollitia officia quibusdam atque eveniet, excepturi voluptas! Eveniet quod quidem repellat nostrum, quibusdam sint, incidunt impedit obcaecati atque est nulla cupiditate id rem temporibus? Obcaecati quisquam fugiat adipisci? Fugiat fugit laborum facere aliquam veniam ex aperiam tenetur, neque repudiandae atque excepturi dolorem commodi cupiditate itaque quam accusamus?', NULL, 'F'),
	(37, 'Maria de Medeiros', '1958-11-12 11:58:06', 'Canadiense', 'Lorem ipsum, dolor sit amet consectetur adipisicing elit. Saepe nisi molestiae libero harum magni distinctio deleniti debitis a expedita quasi quisquam aperiam recusandae dicta voluptatibus sapiente laboriosam at autem suscipit quibusdam, repellendus ad corrupti. Reiciendis, quos obcaecati incidunt error, iste ea, dolorem corporis dicta veniam fugiat maxime ex. Repellat, ut! Reiciendis incidunt quis mollitia officia quibusdam atque eveniet, excepturi voluptas! Eveniet quod quidem repellat nostrum, quibusdam sint, incidunt impedit obcaecati atque est nulla cupiditate id rem temporibus? Obcaecati quisquam fugiat adipisci? Fugiat fugit laborum facere aliquam veniam ex aperiam tenetur, neque repudiandae atque excepturi dolorem commodi cupiditate itaque quam accusamus?', NULL, 'F'),
	(38, 'Maria de Medeiros', '1958-11-12 11:58:06', 'Canadiense', 'Lorem ipsum, dolor sit amet consectetur adipisicing elit. Saepe nisi molestiae libero harum magni distinctio deleniti debitis a expedita quasi quisquam aperiam recusandae dicta voluptatibus sapiente laboriosam at autem suscipit quibusdam, repellendus ad corrupti. Reiciendis, quos obcaecati incidunt error, iste ea, dolorem corporis dicta veniam fugiat maxime ex. Repellat, ut! Reiciendis incidunt quis mollitia officia quibusdam atque eveniet, excepturi voluptas! Eveniet quod quidem repellat nostrum, quibusdam sint, incidunt impedit obcaecati atque est nulla cupiditate id rem temporibus? Obcaecati quisquam fugiat adipisci? Fugiat fugit laborum facere aliquam veniam ex aperiam tenetur, neque repudiandae atque excepturi dolorem commodi cupiditate itaque quam accusamus?', NULL, 'F'),
	(39, 'Maria de Medeiros', '1958-11-12 11:58:06', 'Canadiense', 'Lorem ipsum, dolor sit amet consectetur adipisicing elit. Saepe nisi molestiae libero harum magni distinctio deleniti debitis a expedita quasi quisquam aperiam recusandae dicta voluptatibus sapiente laboriosam at autem suscipit quibusdam, repellendus ad corrupti. Reiciendis, quos obcaecati incidunt error, iste ea, dolorem corporis dicta veniam fugiat maxime ex. Repellat, ut! Reiciendis incidunt quis mollitia officia quibusdam atque eveniet, excepturi voluptas! Eveniet quod quidem repellat nostrum, quibusdam sint, incidunt impedit obcaecati atque est nulla cupiditate id rem temporibus? Obcaecati quisquam fugiat adipisci? Fugiat fugit laborum facere aliquam veniam ex aperiam tenetur, neque repudiandae atque excepturi dolorem commodi cupiditate itaque quam accusamus?', NULL, 'F'),
	(40, 'Maria de Medeiros', '1958-11-12 11:58:06', 'Canadiense', 'Lorem ipsum, dolor sit amet consectetur adipisicing elit. Saepe nisi molestiae libero harum magni distinctio deleniti debitis a expedita quasi quisquam aperiam recusandae dicta voluptatibus sapiente laboriosam at autem suscipit quibusdam, repellendus ad corrupti. Reiciendis, quos obcaecati incidunt error, iste ea, dolorem corporis dicta veniam fugiat maxime ex. Repellat, ut! Reiciendis incidunt quis mollitia officia quibusdam atque eveniet, excepturi voluptas! Eveniet quod quidem repellat nostrum, quibusdam sint, incidunt impedit obcaecati atque est nulla cupiditate id rem temporibus? Obcaecati quisquam fugiat adipisci? Fugiat fugit laborum facere aliquam veniam ex aperiam tenetur, neque repudiandae atque excepturi dolorem commodi cupiditate itaque quam accusamus?', NULL, 'F'),
	(41, 'Maria de Medeiros', '1958-11-12 11:58:06', 'Canadiense', 'Lorem ipsum, dolor sit amet consectetur adipisicing elit. Saepe nisi molestiae libero harum magni distinctio deleniti debitis a expedita quasi quisquam aperiam recusandae dicta voluptatibus sapiente laboriosam at autem suscipit quibusdam, repellendus ad corrupti. Reiciendis, quos obcaecati incidunt error, iste ea, dolorem corporis dicta veniam fugiat maxime ex. Repellat, ut! Reiciendis incidunt quis mollitia officia quibusdam atque eveniet, excepturi voluptas! Eveniet quod quidem repellat nostrum, quibusdam sint, incidunt impedit obcaecati atque est nulla cupiditate id rem temporibus? Obcaecati quisquam fugiat adipisci? Fugiat fugit laborum facere aliquam veniam ex aperiam tenetur, neque repudiandae atque excepturi dolorem commodi cupiditate itaque quam accusamus?', NULL, 'F'),
	(42, 'Maria de Medeiros', '1958-11-12 11:58:06', 'Canadiense', 'Lorem ipsum, dolor sit amet consectetur adipisicing elit. Saepe nisi molestiae libero harum magni distinctio deleniti debitis a expedita quasi quisquam aperiam recusandae dicta voluptatibus sapiente laboriosam at autem suscipit quibusdam, repellendus ad corrupti. Reiciendis, quos obcaecati incidunt error, iste ea, dolorem corporis dicta veniam fugiat maxime ex. Repellat, ut! Reiciendis incidunt quis mollitia officia quibusdam atque eveniet, excepturi voluptas! Eveniet quod quidem repellat nostrum, quibusdam sint, incidunt impedit obcaecati atque est nulla cupiditate id rem temporibus? Obcaecati quisquam fugiat adipisci? Fugiat fugit laborum facere aliquam veniam ex aperiam tenetur, neque repudiandae atque excepturi dolorem commodi cupiditate itaque quam accusamus?', NULL, 'F'),
	(43, 'Maria de Medeiros', '1958-11-12 11:58:06', 'Canadiense', 'Lorem ipsum, dolor sit amet consectetur adipisicing elit. Saepe nisi molestiae libero harum magni distinctio deleniti debitis a expedita quasi quisquam aperiam recusandae dicta voluptatibus sapiente laboriosam at autem suscipit quibusdam, repellendus ad corrupti. Reiciendis, quos obcaecati incidunt error, iste ea, dolorem corporis dicta veniam fugiat maxime ex. Repellat, ut! Reiciendis incidunt quis mollitia officia quibusdam atque eveniet, excepturi voluptas! Eveniet quod quidem repellat nostrum, quibusdam sint, incidunt impedit obcaecati atque est nulla cupiditate id rem temporibus? Obcaecati quisquam fugiat adipisci? Fugiat fugit laborum facere aliquam veniam ex aperiam tenetur, neque repudiandae atque excepturi dolorem commodi cupiditate itaque quam accusamus?', NULL, 'F'),
	(44, 'Maria de Medeiros', '1958-11-12 11:58:06', 'Canadiense', 'Lorem ipsum, dolor sit amet consectetur adipisicing elit. Saepe nisi molestiae libero harum magni distinctio deleniti debitis a expedita quasi quisquam aperiam recusandae dicta voluptatibus sapiente laboriosam at autem suscipit quibusdam, repellendus ad corrupti. Reiciendis, quos obcaecati incidunt error, iste ea, dolorem corporis dicta veniam fugiat maxime ex. Repellat, ut! Reiciendis incidunt quis mollitia officia quibusdam atque eveniet, excepturi voluptas! Eveniet quod quidem repellat nostrum, quibusdam sint, incidunt impedit obcaecati atque est nulla cupiditate id rem temporibus? Obcaecati quisquam fugiat adipisci? Fugiat fugit laborum facere aliquam veniam ex aperiam tenetur, neque repudiandae atque excepturi dolorem commodi cupiditate itaque quam accusamus?', NULL, 'F'),
	(45, 'Maria de Medeiros', '1958-11-12 11:58:06', 'Canadiense', 'Lorem ipsum, dolor sit amet consectetur adipisicing elit. Saepe nisi molestiae libero harum magni distinctio deleniti debitis a expedita quasi quisquam aperiam recusandae dicta voluptatibus sapiente laboriosam at autem suscipit quibusdam, repellendus ad corrupti. Reiciendis, quos obcaecati incidunt error, iste ea, dolorem corporis dicta veniam fugiat maxime ex. Repellat, ut! Reiciendis incidunt quis mollitia officia quibusdam atque eveniet, excepturi voluptas! Eveniet quod quidem repellat nostrum, quibusdam sint, incidunt impedit obcaecati atque est nulla cupiditate id rem temporibus? Obcaecati quisquam fugiat adipisci? Fugiat fugit laborum facere aliquam veniam ex aperiam tenetur, neque repudiandae atque excepturi dolorem commodi cupiditate itaque quam accusamus?', NULL, 'F'),
	(46, 'Maria de Medeiros', '1958-11-12 11:58:06', 'Canadiense', 'Lorem ipsum, dolor sit amet consectetur adipisicing elit. Saepe nisi molestiae libero harum magni distinctio deleniti debitis a expedita quasi quisquam aperiam recusandae dicta voluptatibus sapiente laboriosam at autem suscipit quibusdam, repellendus ad corrupti. Reiciendis, quos obcaecati incidunt error, iste ea, dolorem corporis dicta veniam fugiat maxime ex. Repellat, ut! Reiciendis incidunt quis mollitia officia quibusdam atque eveniet, excepturi voluptas! Eveniet quod quidem repellat nostrum, quibusdam sint, incidunt impedit obcaecati atque est nulla cupiditate id rem temporibus? Obcaecati quisquam fugiat adipisci? Fugiat fugit laborum facere aliquam veniam ex aperiam tenetur, neque repudiandae atque excepturi dolorem commodi cupiditate itaque quam accusamus?', NULL, 'F'),
	(47, 'Maria de Medeiros', '1958-11-12 11:58:06', 'Canadiense', 'Lorem ipsum, dolor sit amet consectetur adipisicing elit. Saepe nisi molestiae libero harum magni distinctio deleniti debitis a expedita quasi quisquam aperiam recusandae dicta voluptatibus sapiente laboriosam at autem suscipit quibusdam, repellendus ad corrupti. Reiciendis, quos obcaecati incidunt error, iste ea, dolorem corporis dicta veniam fugiat maxime ex. Repellat, ut! Reiciendis incidunt quis mollitia officia quibusdam atque eveniet, excepturi voluptas! Eveniet quod quidem repellat nostrum, quibusdam sint, incidunt impedit obcaecati atque est nulla cupiditate id rem temporibus? Obcaecati quisquam fugiat adipisci? Fugiat fugit laborum facere aliquam veniam ex aperiam tenetur, neque repudiandae atque excepturi dolorem commodi cupiditate itaque quam accusamus?', NULL, 'F'),
	(48, 'Maria de Medeiros', '1958-11-12 11:58:06', 'Canadiense', 'Lorem ipsum, dolor sit amet consectetur adipisicing elit. Saepe nisi molestiae libero harum magni distinctio deleniti debitis a expedita quasi quisquam aperiam recusandae dicta voluptatibus sapiente laboriosam at autem suscipit quibusdam, repellendus ad corrupti. Reiciendis, quos obcaecati incidunt error, iste ea, dolorem corporis dicta veniam fugiat maxime ex. Repellat, ut! Reiciendis incidunt quis mollitia officia quibusdam atque eveniet, excepturi voluptas! Eveniet quod quidem repellat nostrum, quibusdam sint, incidunt impedit obcaecati atque est nulla cupiditate id rem temporibus? Obcaecati quisquam fugiat adipisci? Fugiat fugit laborum facere aliquam veniam ex aperiam tenetur, neque repudiandae atque excepturi dolorem commodi cupiditate itaque quam accusamus?', NULL, 'F'),
	(49, 'Maria de Medeiros', '1958-11-12 11:58:06', 'Canadiense', 'Lorem ipsum, dolor sit amet consectetur adipisicing elit. Saepe nisi molestiae libero harum magni distinctio deleniti debitis a expedita quasi quisquam aperiam recusandae dicta voluptatibus sapiente laboriosam at autem suscipit quibusdam, repellendus ad corrupti. Reiciendis, quos obcaecati incidunt error, iste ea, dolorem corporis dicta veniam fugiat maxime ex. Repellat, ut! Reiciendis incidunt quis mollitia officia quibusdam atque eveniet, excepturi voluptas! Eveniet quod quidem repellat nostrum, quibusdam sint, incidunt impedit obcaecati atque est nulla cupiditate id rem temporibus? Obcaecati quisquam fugiat adipisci? Fugiat fugit laborum facere aliquam veniam ex aperiam tenetur, neque repudiandae atque excepturi dolorem commodi cupiditate itaque quam accusamus?', NULL, 'F'),
	(50, 'Maria de Medeiros', '1958-11-12 11:58:06', 'Canadiense', 'Lorem ipsum, dolor sit amet consectetur adipisicing elit. Saepe nisi molestiae libero harum magni distinctio deleniti debitis a expedita quasi quisquam aperiam recusandae dicta voluptatibus sapiente laboriosam at autem suscipit quibusdam, repellendus ad corrupti. Reiciendis, quos obcaecati incidunt error, iste ea, dolorem corporis dicta veniam fugiat maxime ex. Repellat, ut! Reiciendis incidunt quis mollitia officia quibusdam atque eveniet, excepturi voluptas! Eveniet quod quidem repellat nostrum, quibusdam sint, incidunt impedit obcaecati atque est nulla cupiditate id rem temporibus? Obcaecati quisquam fugiat adipisci? Fugiat fugit laborum facere aliquam veniam ex aperiam tenetur, neque repudiandae atque excepturi dolorem commodi cupiditate itaque quam accusamus?', NULL, 'F'),
	(51, 'Maria de Medeiros', '1958-11-12 11:58:06', 'Canadiense', 'Lorem ipsum, dolor sit amet consectetur adipisicing elit. Saepe nisi molestiae libero harum magni distinctio deleniti debitis a expedita quasi quisquam aperiam recusandae dicta voluptatibus sapiente laboriosam at autem suscipit quibusdam, repellendus ad corrupti. Reiciendis, quos obcaecati incidunt error, iste ea, dolorem corporis dicta veniam fugiat maxime ex. Repellat, ut! Reiciendis incidunt quis mollitia officia quibusdam atque eveniet, excepturi voluptas! Eveniet quod quidem repellat nostrum, quibusdam sint, incidunt impedit obcaecati atque est nulla cupiditate id rem temporibus? Obcaecati quisquam fugiat adipisci? Fugiat fugit laborum facere aliquam veniam ex aperiam tenetur, neque repudiandae atque excepturi dolorem commodi cupiditate itaque quam accusamus?', NULL, 'F'),
	(52, 'Maria de Medeiros', '1958-11-12 11:58:06', 'Canadiense', 'Lorem ipsum, dolor sit amet consectetur adipisicing elit. Saepe nisi molestiae libero harum magni distinctio deleniti debitis a expedita quasi quisquam aperiam recusandae dicta voluptatibus sapiente laboriosam at autem suscipit quibusdam, repellendus ad corrupti. Reiciendis, quos obcaecati incidunt error, iste ea, dolorem corporis dicta veniam fugiat maxime ex. Repellat, ut! Reiciendis incidunt quis mollitia officia quibusdam atque eveniet, excepturi voluptas! Eveniet quod quidem repellat nostrum, quibusdam sint, incidunt impedit obcaecati atque est nulla cupiditate id rem temporibus? Obcaecati quisquam fugiat adipisci? Fugiat fugit laborum facere aliquam veniam ex aperiam tenetur, neque repudiandae atque excepturi dolorem commodi cupiditate itaque quam accusamus?', NULL, 'F'),
	(53, 'Maria de Medeiros', '1958-11-12 11:58:06', 'Canadiense', 'Lorem ipsum, dolor sit amet consectetur adipisicing elit. Saepe nisi molestiae libero harum magni distinctio deleniti debitis a expedita quasi quisquam aperiam recusandae dicta voluptatibus sapiente laboriosam at autem suscipit quibusdam, repellendus ad corrupti. Reiciendis, quos obcaecati incidunt error, iste ea, dolorem corporis dicta veniam fugiat maxime ex. Repellat, ut! Reiciendis incidunt quis mollitia officia quibusdam atque eveniet, excepturi voluptas! Eveniet quod quidem repellat nostrum, quibusdam sint, incidunt impedit obcaecati atque est nulla cupiditate id rem temporibus? Obcaecati quisquam fugiat adipisci? Fugiat fugit laborum facere aliquam veniam ex aperiam tenetur, neque repudiandae atque excepturi dolorem commodi cupiditate itaque quam accusamus?', NULL, 'F'),
	(54, 'Maria de Medeiros', '1958-11-12 11:58:06', 'Canadiense', 'Lorem ipsum, dolor sit amet consectetur adipisicing elit. Saepe nisi molestiae libero harum magni distinctio deleniti debitis a expedita quasi quisquam aperiam recusandae dicta voluptatibus sapiente laboriosam at autem suscipit quibusdam, repellendus ad corrupti. Reiciendis, quos obcaecati incidunt error, iste ea, dolorem corporis dicta veniam fugiat maxime ex. Repellat, ut! Reiciendis incidunt quis mollitia officia quibusdam atque eveniet, excepturi voluptas! Eveniet quod quidem repellat nostrum, quibusdam sint, incidunt impedit obcaecati atque est nulla cupiditate id rem temporibus? Obcaecati quisquam fugiat adipisci? Fugiat fugit laborum facere aliquam veniam ex aperiam tenetur, neque repudiandae atque excepturi dolorem commodi cupiditate itaque quam accusamus?', NULL, 'F'),
	(55, 'Maria de Medeiros', '1958-11-12 11:58:06', 'Canadiense', 'Lorem ipsum, dolor sit amet consectetur adipisicing elit. Saepe nisi molestiae libero harum magni distinctio deleniti debitis a expedita quasi quisquam aperiam recusandae dicta voluptatibus sapiente laboriosam at autem suscipit quibusdam, repellendus ad corrupti. Reiciendis, quos obcaecati incidunt error, iste ea, dolorem corporis dicta veniam fugiat maxime ex. Repellat, ut! Reiciendis incidunt quis mollitia officia quibusdam atque eveniet, excepturi voluptas! Eveniet quod quidem repellat nostrum, quibusdam sint, incidunt impedit obcaecati atque est nulla cupiditate id rem temporibus? Obcaecati quisquam fugiat adipisci? Fugiat fugit laborum facere aliquam veniam ex aperiam tenetur, neque repudiandae atque excepturi dolorem commodi cupiditate itaque quam accusamus?', NULL, 'F'),
	(56, 'Maria de Medeiros', '1958-11-12 11:58:06', 'Canadiense', 'Lorem ipsum, dolor sit amet consectetur adipisicing elit. Saepe nisi molestiae libero harum magni distinctio deleniti debitis a expedita quasi quisquam aperiam recusandae dicta voluptatibus sapiente laboriosam at autem suscipit quibusdam, repellendus ad corrupti. Reiciendis, quos obcaecati incidunt error, iste ea, dolorem corporis dicta veniam fugiat maxime ex. Repellat, ut! Reiciendis incidunt quis mollitia officia quibusdam atque eveniet, excepturi voluptas! Eveniet quod quidem repellat nostrum, quibusdam sint, incidunt impedit obcaecati atque est nulla cupiditate id rem temporibus? Obcaecati quisquam fugiat adipisci? Fugiat fugit laborum facere aliquam veniam ex aperiam tenetur, neque repudiandae atque excepturi dolorem commodi cupiditate itaque quam accusamus?', NULL, 'F'),
	(57, 'Maria de Medeiros', '1958-11-12 11:58:06', 'Canadiense', 'Lorem ipsum, dolor sit amet consectetur adipisicing elit. Saepe nisi molestiae libero harum magni distinctio deleniti debitis a expedita quasi quisquam aperiam recusandae dicta voluptatibus sapiente laboriosam at autem suscipit quibusdam, repellendus ad corrupti. Reiciendis, quos obcaecati incidunt error, iste ea, dolorem corporis dicta veniam fugiat maxime ex. Repellat, ut! Reiciendis incidunt quis mollitia officia quibusdam atque eveniet, excepturi voluptas! Eveniet quod quidem repellat nostrum, quibusdam sint, incidunt impedit obcaecati atque est nulla cupiditate id rem temporibus? Obcaecati quisquam fugiat adipisci? Fugiat fugit laborum facere aliquam veniam ex aperiam tenetur, neque repudiandae atque excepturi dolorem commodi cupiditate itaque quam accusamus?', NULL, 'F'),
	(58, 'Maria de Medeiros', '1958-11-12 11:58:06', 'Canadiense', 'Lorem ipsum, dolor sit amet consectetur adipisicing elit. Saepe nisi molestiae libero harum magni distinctio deleniti debitis a expedita quasi quisquam aperiam recusandae dicta voluptatibus sapiente laboriosam at autem suscipit quibusdam, repellendus ad corrupti. Reiciendis, quos obcaecati incidunt error, iste ea, dolorem corporis dicta veniam fugiat maxime ex. Repellat, ut! Reiciendis incidunt quis mollitia officia quibusdam atque eveniet, excepturi voluptas! Eveniet quod quidem repellat nostrum, quibusdam sint, incidunt impedit obcaecati atque est nulla cupiditate id rem temporibus? Obcaecati quisquam fugiat adipisci? Fugiat fugit laborum facere aliquam veniam ex aperiam tenetur, neque repudiandae atque excepturi dolorem commodi cupiditate itaque quam accusamus?', NULL, 'F'),
	(59, 'Maria de Medeiros', '1958-11-12 11:58:06', 'Canadiense', 'Lorem ipsum, dolor sit amet consectetur adipisicing elit. Saepe nisi molestiae libero harum magni distinctio deleniti debitis a expedita quasi quisquam aperiam recusandae dicta voluptatibus sapiente laboriosam at autem suscipit quibusdam, repellendus ad corrupti. Reiciendis, quos obcaecati incidunt error, iste ea, dolorem corporis dicta veniam fugiat maxime ex. Repellat, ut! Reiciendis incidunt quis mollitia officia quibusdam atque eveniet, excepturi voluptas! Eveniet quod quidem repellat nostrum, quibusdam sint, incidunt impedit obcaecati atque est nulla cupiditate id rem temporibus? Obcaecati quisquam fugiat adipisci? Fugiat fugit laborum facere aliquam veniam ex aperiam tenetur, neque repudiandae atque excepturi dolorem commodi cupiditate itaque quam accusamus?', NULL, 'F'),
	(60, 'Maria de Medeiros', '1958-11-12 11:58:06', 'Canadiense', 'Lorem ipsum, dolor sit amet consectetur adipisicing elit. Saepe nisi molestiae libero harum magni distinctio deleniti debitis a expedita quasi quisquam aperiam recusandae dicta voluptatibus sapiente laboriosam at autem suscipit quibusdam, repellendus ad corrupti. Reiciendis, quos obcaecati incidunt error, iste ea, dolorem corporis dicta veniam fugiat maxime ex. Repellat, ut! Reiciendis incidunt quis mollitia officia quibusdam atque eveniet, excepturi voluptas! Eveniet quod quidem repellat nostrum, quibusdam sint, incidunt impedit obcaecati atque est nulla cupiditate id rem temporibus? Obcaecati quisquam fugiat adipisci? Fugiat fugit laborum facere aliquam veniam ex aperiam tenetur, neque repudiandae atque excepturi dolorem commodi cupiditate itaque quam accusamus?', NULL, 'F'),
	(61, 'Maria de Medeiros', '1958-11-12 11:58:06', 'Canadiense', 'Lorem ipsum, dolor sit amet consectetur adipisicing elit. Saepe nisi molestiae libero harum magni distinctio deleniti debitis a expedita quasi quisquam aperiam recusandae dicta voluptatibus sapiente laboriosam at autem suscipit quibusdam, repellendus ad corrupti. Reiciendis, quos obcaecati incidunt error, iste ea, dolorem corporis dicta veniam fugiat maxime ex. Repellat, ut! Reiciendis incidunt quis mollitia officia quibusdam atque eveniet, excepturi voluptas! Eveniet quod quidem repellat nostrum, quibusdam sint, incidunt impedit obcaecati atque est nulla cupiditate id rem temporibus? Obcaecati quisquam fugiat adipisci? Fugiat fugit laborum facere aliquam veniam ex aperiam tenetur, neque repudiandae atque excepturi dolorem commodi cupiditate itaque quam accusamus?', NULL, 'F'),
	(62, 'Maria de Medeiros', '1958-11-12 11:58:06', 'Canadiense', 'Lorem ipsum, dolor sit amet consectetur adipisicing elit. Saepe nisi molestiae libero harum magni distinctio deleniti debitis a expedita quasi quisquam aperiam recusandae dicta voluptatibus sapiente laboriosam at autem suscipit quibusdam, repellendus ad corrupti. Reiciendis, quos obcaecati incidunt error, iste ea, dolorem corporis dicta veniam fugiat maxime ex. Repellat, ut! Reiciendis incidunt quis mollitia officia quibusdam atque eveniet, excepturi voluptas! Eveniet quod quidem repellat nostrum, quibusdam sint, incidunt impedit obcaecati atque est nulla cupiditate id rem temporibus? Obcaecati quisquam fugiat adipisci? Fugiat fugit laborum facere aliquam veniam ex aperiam tenetur, neque repudiandae atque excepturi dolorem commodi cupiditate itaque quam accusamus?', NULL, 'F'),
	(63, 'Maria de Medeiros', '1958-11-12 11:58:06', 'Canadiense', 'Lorem ipsum, dolor sit amet consectetur adipisicing elit. Saepe nisi molestiae libero harum magni distinctio deleniti debitis a expedita quasi quisquam aperiam recusandae dicta voluptatibus sapiente laboriosam at autem suscipit quibusdam, repellendus ad corrupti. Reiciendis, quos obcaecati incidunt error, iste ea, dolorem corporis dicta veniam fugiat maxime ex. Repellat, ut! Reiciendis incidunt quis mollitia officia quibusdam atque eveniet, excepturi voluptas! Eveniet quod quidem repellat nostrum, quibusdam sint, incidunt impedit obcaecati atque est nulla cupiditate id rem temporibus? Obcaecati quisquam fugiat adipisci? Fugiat fugit laborum facere aliquam veniam ex aperiam tenetur, neque repudiandae atque excepturi dolorem commodi cupiditate itaque quam accusamus?', NULL, 'F'),
	(64, 'Maria de Medeiros', '1958-11-12 11:58:06', 'Canadiense', 'Lorem ipsum, dolor sit amet consectetur adipisicing elit. Saepe nisi molestiae libero harum magni distinctio deleniti debitis a expedita quasi quisquam aperiam recusandae dicta voluptatibus sapiente laboriosam at autem suscipit quibusdam, repellendus ad corrupti. Reiciendis, quos obcaecati incidunt error, iste ea, dolorem corporis dicta veniam fugiat maxime ex. Repellat, ut! Reiciendis incidunt quis mollitia officia quibusdam atque eveniet, excepturi voluptas! Eveniet quod quidem repellat nostrum, quibusdam sint, incidunt impedit obcaecati atque est nulla cupiditate id rem temporibus? Obcaecati quisquam fugiat adipisci? Fugiat fugit laborum facere aliquam veniam ex aperiam tenetur, neque repudiandae atque excepturi dolorem commodi cupiditate itaque quam accusamus?', NULL, 'F'),
	(65, 'Maria de Medeiros', '1958-11-12 11:58:06', 'Canadiense', 'Lorem ipsum, dolor sit amet consectetur adipisicing elit. Saepe nisi molestiae libero harum magni distinctio deleniti debitis a expedita quasi quisquam aperiam recusandae dicta voluptatibus sapiente laboriosam at autem suscipit quibusdam, repellendus ad corrupti. Reiciendis, quos obcaecati incidunt error, iste ea, dolorem corporis dicta veniam fugiat maxime ex. Repellat, ut! Reiciendis incidunt quis mollitia officia quibusdam atque eveniet, excepturi voluptas! Eveniet quod quidem repellat nostrum, quibusdam sint, incidunt impedit obcaecati atque est nulla cupiditate id rem temporibus? Obcaecati quisquam fugiat adipisci? Fugiat fugit laborum facere aliquam veniam ex aperiam tenetur, neque repudiandae atque excepturi dolorem commodi cupiditate itaque quam accusamus?', NULL, 'F'),
	(66, 'Maria de Medeiros', '1958-11-12 11:58:06', 'Canadiense', 'Lorem ipsum, dolor sit amet consectetur adipisicing elit. Saepe nisi molestiae libero harum magni distinctio deleniti debitis a expedita quasi quisquam aperiam recusandae dicta voluptatibus sapiente laboriosam at autem suscipit quibusdam, repellendus ad corrupti. Reiciendis, quos obcaecati incidunt error, iste ea, dolorem corporis dicta veniam fugiat maxime ex. Repellat, ut! Reiciendis incidunt quis mollitia officia quibusdam atque eveniet, excepturi voluptas! Eveniet quod quidem repellat nostrum, quibusdam sint, incidunt impedit obcaecati atque est nulla cupiditate id rem temporibus? Obcaecati quisquam fugiat adipisci? Fugiat fugit laborum facere aliquam veniam ex aperiam tenetur, neque repudiandae atque excepturi dolorem commodi cupiditate itaque quam accusamus?', NULL, 'F'),
	(67, 'Maria de Medeiros', '1958-11-12 11:58:06', 'Canadiense', 'Lorem ipsum, dolor sit amet consectetur adipisicing elit. Saepe nisi molestiae libero harum magni distinctio deleniti debitis a expedita quasi quisquam aperiam recusandae dicta voluptatibus sapiente laboriosam at autem suscipit quibusdam, repellendus ad corrupti. Reiciendis, quos obcaecati incidunt error, iste ea, dolorem corporis dicta veniam fugiat maxime ex. Repellat, ut! Reiciendis incidunt quis mollitia officia quibusdam atque eveniet, excepturi voluptas! Eveniet quod quidem repellat nostrum, quibusdam sint, incidunt impedit obcaecati atque est nulla cupiditate id rem temporibus? Obcaecati quisquam fugiat adipisci? Fugiat fugit laborum facere aliquam veniam ex aperiam tenetur, neque repudiandae atque excepturi dolorem commodi cupiditate itaque quam accusamus?', NULL, 'F'),
	(68, 'Maria de Medeiros', '1958-11-12 11:58:06', 'Canadiense', 'Lorem ipsum, dolor sit amet consectetur adipisicing elit. Saepe nisi molestiae libero harum magni distinctio deleniti debitis a expedita quasi quisquam aperiam recusandae dicta voluptatibus sapiente laboriosam at autem suscipit quibusdam, repellendus ad corrupti. Reiciendis, quos obcaecati incidunt error, iste ea, dolorem corporis dicta veniam fugiat maxime ex. Repellat, ut! Reiciendis incidunt quis mollitia officia quibusdam atque eveniet, excepturi voluptas! Eveniet quod quidem repellat nostrum, quibusdam sint, incidunt impedit obcaecati atque est nulla cupiditate id rem temporibus? Obcaecati quisquam fugiat adipisci? Fugiat fugit laborum facere aliquam veniam ex aperiam tenetur, neque repudiandae atque excepturi dolorem commodi cupiditate itaque quam accusamus?', NULL, 'F'),
	(69, 'Maria de Medeiros', '1958-11-12 11:58:06', 'Canadiense', 'Lorem ipsum, dolor sit amet consectetur adipisicing elit. Saepe nisi molestiae libero harum magni distinctio deleniti debitis a expedita quasi quisquam aperiam recusandae dicta voluptatibus sapiente laboriosam at autem suscipit quibusdam, repellendus ad corrupti. Reiciendis, quos obcaecati incidunt error, iste ea, dolorem corporis dicta veniam fugiat maxime ex. Repellat, ut! Reiciendis incidunt quis mollitia officia quibusdam atque eveniet, excepturi voluptas! Eveniet quod quidem repellat nostrum, quibusdam sint, incidunt impedit obcaecati atque est nulla cupiditate id rem temporibus? Obcaecati quisquam fugiat adipisci? Fugiat fugit laborum facere aliquam veniam ex aperiam tenetur, neque repudiandae atque excepturi dolorem commodi cupiditate itaque quam accusamus?', NULL, 'F'),
	(70, 'Maria de Medeiros', '1958-11-12 11:58:06', 'Canadiense', 'Lorem ipsum, dolor sit amet consectetur adipisicing elit. Saepe nisi molestiae libero harum magni distinctio deleniti debitis a expedita quasi quisquam aperiam recusandae dicta voluptatibus sapiente laboriosam at autem suscipit quibusdam, repellendus ad corrupti. Reiciendis, quos obcaecati incidunt error, iste ea, dolorem corporis dicta veniam fugiat maxime ex. Repellat, ut! Reiciendis incidunt quis mollitia officia quibusdam atque eveniet, excepturi voluptas! Eveniet quod quidem repellat nostrum, quibusdam sint, incidunt impedit obcaecati atque est nulla cupiditate id rem temporibus? Obcaecati quisquam fugiat adipisci? Fugiat fugit laborum facere aliquam veniam ex aperiam tenetur, neque repudiandae atque excepturi dolorem commodi cupiditate itaque quam accusamus?', NULL, 'F'),
	(71, 'Maria de Medeiros', '1958-11-12 11:58:06', 'Canadiense', 'Lorem ipsum, dolor sit amet consectetur adipisicing elit. Saepe nisi molestiae libero harum magni distinctio deleniti debitis a expedita quasi quisquam aperiam recusandae dicta voluptatibus sapiente laboriosam at autem suscipit quibusdam, repellendus ad corrupti. Reiciendis, quos obcaecati incidunt error, iste ea, dolorem corporis dicta veniam fugiat maxime ex. Repellat, ut! Reiciendis incidunt quis mollitia officia quibusdam atque eveniet, excepturi voluptas! Eveniet quod quidem repellat nostrum, quibusdam sint, incidunt impedit obcaecati atque est nulla cupiditate id rem temporibus? Obcaecati quisquam fugiat adipisci? Fugiat fugit laborum facere aliquam veniam ex aperiam tenetur, neque repudiandae atque excepturi dolorem commodi cupiditate itaque quam accusamus?', NULL, 'F'),
	(72, 'Maria de Medeiros', '1958-11-12 11:58:06', 'Canadiense', 'Lorem ipsum, dolor sit amet consectetur adipisicing elit. Saepe nisi molestiae libero harum magni distinctio deleniti debitis a expedita quasi quisquam aperiam recusandae dicta voluptatibus sapiente laboriosam at autem suscipit quibusdam, repellendus ad corrupti. Reiciendis, quos obcaecati incidunt error, iste ea, dolorem corporis dicta veniam fugiat maxime ex. Repellat, ut! Reiciendis incidunt quis mollitia officia quibusdam atque eveniet, excepturi voluptas! Eveniet quod quidem repellat nostrum, quibusdam sint, incidunt impedit obcaecati atque est nulla cupiditate id rem temporibus? Obcaecati quisquam fugiat adipisci? Fugiat fugit laborum facere aliquam veniam ex aperiam tenetur, neque repudiandae atque excepturi dolorem commodi cupiditate itaque quam accusamus?', NULL, 'F'),
	(73, 'Maria de Medeiros', '1958-11-12 11:58:06', 'Canadiense', 'Lorem ipsum, dolor sit amet consectetur adipisicing elit. Saepe nisi molestiae libero harum magni distinctio deleniti debitis a expedita quasi quisquam aperiam recusandae dicta voluptatibus sapiente laboriosam at autem suscipit quibusdam, repellendus ad corrupti. Reiciendis, quos obcaecati incidunt error, iste ea, dolorem corporis dicta veniam fugiat maxime ex. Repellat, ut! Reiciendis incidunt quis mollitia officia quibusdam atque eveniet, excepturi voluptas! Eveniet quod quidem repellat nostrum, quibusdam sint, incidunt impedit obcaecati atque est nulla cupiditate id rem temporibus? Obcaecati quisquam fugiat adipisci? Fugiat fugit laborum facere aliquam veniam ex aperiam tenetur, neque repudiandae atque excepturi dolorem commodi cupiditate itaque quam accusamus?', NULL, 'F'),
	(74, 'Maria de Medeiros', '1958-11-12 11:58:06', 'Canadiense', 'Lorem ipsum, dolor sit amet consectetur adipisicing elit. Saepe nisi molestiae libero harum magni distinctio deleniti debitis a expedita quasi quisquam aperiam recusandae dicta voluptatibus sapiente laboriosam at autem suscipit quibusdam, repellendus ad corrupti. Reiciendis, quos obcaecati incidunt error, iste ea, dolorem corporis dicta veniam fugiat maxime ex. Repellat, ut! Reiciendis incidunt quis mollitia officia quibusdam atque eveniet, excepturi voluptas! Eveniet quod quidem repellat nostrum, quibusdam sint, incidunt impedit obcaecati atque est nulla cupiditate id rem temporibus? Obcaecati quisquam fugiat adipisci? Fugiat fugit laborum facere aliquam veniam ex aperiam tenetur, neque repudiandae atque excepturi dolorem commodi cupiditate itaque quam accusamus?', NULL, 'F'),
	(75, 'Maria de Medeiros', '1958-11-12 11:58:06', 'Canadiense', 'Lorem ipsum, dolor sit amet consectetur adipisicing elit. Saepe nisi molestiae libero harum magni distinctio deleniti debitis a expedita quasi quisquam aperiam recusandae dicta voluptatibus sapiente laboriosam at autem suscipit quibusdam, repellendus ad corrupti. Reiciendis, quos obcaecati incidunt error, iste ea, dolorem corporis dicta veniam fugiat maxime ex. Repellat, ut! Reiciendis incidunt quis mollitia officia quibusdam atque eveniet, excepturi voluptas! Eveniet quod quidem repellat nostrum, quibusdam sint, incidunt impedit obcaecati atque est nulla cupiditate id rem temporibus? Obcaecati quisquam fugiat adipisci? Fugiat fugit laborum facere aliquam veniam ex aperiam tenetur, neque repudiandae atque excepturi dolorem commodi cupiditate itaque quam accusamus?', NULL, 'F'),
	(76, 'Maria de Medeiros', '1958-11-12 11:58:06', 'Canadiense', 'Lorem ipsum, dolor sit amet consectetur adipisicing elit. Saepe nisi molestiae libero harum magni distinctio deleniti debitis a expedita quasi quisquam aperiam recusandae dicta voluptatibus sapiente laboriosam at autem suscipit quibusdam, repellendus ad corrupti. Reiciendis, quos obcaecati incidunt error, iste ea, dolorem corporis dicta veniam fugiat maxime ex. Repellat, ut! Reiciendis incidunt quis mollitia officia quibusdam atque eveniet, excepturi voluptas! Eveniet quod quidem repellat nostrum, quibusdam sint, incidunt impedit obcaecati atque est nulla cupiditate id rem temporibus? Obcaecati quisquam fugiat adipisci? Fugiat fugit laborum facere aliquam veniam ex aperiam tenetur, neque repudiandae atque excepturi dolorem commodi cupiditate itaque quam accusamus?', NULL, 'F'),
	(77, 'Maria de Medeiros', '1958-11-12 11:58:06', 'Canadiense', 'Lorem ipsum, dolor sit amet consectetur adipisicing elit. Saepe nisi molestiae libero harum magni distinctio deleniti debitis a expedita quasi quisquam aperiam recusandae dicta voluptatibus sapiente laboriosam at autem suscipit quibusdam, repellendus ad corrupti. Reiciendis, quos obcaecati incidunt error, iste ea, dolorem corporis dicta veniam fugiat maxime ex. Repellat, ut! Reiciendis incidunt quis mollitia officia quibusdam atque eveniet, excepturi voluptas! Eveniet quod quidem repellat nostrum, quibusdam sint, incidunt impedit obcaecati atque est nulla cupiditate id rem temporibus? Obcaecati quisquam fugiat adipisci? Fugiat fugit laborum facere aliquam veniam ex aperiam tenetur, neque repudiandae atque excepturi dolorem commodi cupiditate itaque quam accusamus?', NULL, 'F'),
	(78, 'Maria de Medeiros', '1958-11-12 11:58:06', 'Canadiense', 'Lorem ipsum, dolor sit amet consectetur adipisicing elit. Saepe nisi molestiae libero harum magni distinctio deleniti debitis a expedita quasi quisquam aperiam recusandae dicta voluptatibus sapiente laboriosam at autem suscipit quibusdam, repellendus ad corrupti. Reiciendis, quos obcaecati incidunt error, iste ea, dolorem corporis dicta veniam fugiat maxime ex. Repellat, ut! Reiciendis incidunt quis mollitia officia quibusdam atque eveniet, excepturi voluptas! Eveniet quod quidem repellat nostrum, quibusdam sint, incidunt impedit obcaecati atque est nulla cupiditate id rem temporibus? Obcaecati quisquam fugiat adipisci? Fugiat fugit laborum facere aliquam veniam ex aperiam tenetur, neque repudiandae atque excepturi dolorem commodi cupiditate itaque quam accusamus?', NULL, 'F'),
	(79, 'Maria de Medeiros', '1958-11-12 11:58:06', 'Canadiense', 'Lorem ipsum, dolor sit amet consectetur adipisicing elit. Saepe nisi molestiae libero harum magni distinctio deleniti debitis a expedita quasi quisquam aperiam recusandae dicta voluptatibus sapiente laboriosam at autem suscipit quibusdam, repellendus ad corrupti. Reiciendis, quos obcaecati incidunt error, iste ea, dolorem corporis dicta veniam fugiat maxime ex. Repellat, ut! Reiciendis incidunt quis mollitia officia quibusdam atque eveniet, excepturi voluptas! Eveniet quod quidem repellat nostrum, quibusdam sint, incidunt impedit obcaecati atque est nulla cupiditate id rem temporibus? Obcaecati quisquam fugiat adipisci? Fugiat fugit laborum facere aliquam veniam ex aperiam tenetur, neque repudiandae atque excepturi dolorem commodi cupiditate itaque quam accusamus?', NULL, 'F'),
	(80, 'Maria de Medeiros', '1958-11-12 11:58:06', 'Canadiense', 'Lorem ipsum, dolor sit amet consectetur adipisicing elit. Saepe nisi molestiae libero harum magni distinctio deleniti debitis a expedita quasi quisquam aperiam recusandae dicta voluptatibus sapiente laboriosam at autem suscipit quibusdam, repellendus ad corrupti. Reiciendis, quos obcaecati incidunt error, iste ea, dolorem corporis dicta veniam fugiat maxime ex. Repellat, ut! Reiciendis incidunt quis mollitia officia quibusdam atque eveniet, excepturi voluptas! Eveniet quod quidem repellat nostrum, quibusdam sint, incidunt impedit obcaecati atque est nulla cupiditate id rem temporibus? Obcaecati quisquam fugiat adipisci? Fugiat fugit laborum facere aliquam veniam ex aperiam tenetur, neque repudiandae atque excepturi dolorem commodi cupiditate itaque quam accusamus?', NULL, 'F'),
	(81, 'Maria de Medeiros', '1958-11-12 11:58:06', 'Canadiense', 'Lorem ipsum, dolor sit amet consectetur adipisicing elit. Saepe nisi molestiae libero harum magni distinctio deleniti debitis a expedita quasi quisquam aperiam recusandae dicta voluptatibus sapiente laboriosam at autem suscipit quibusdam, repellendus ad corrupti. Reiciendis, quos obcaecati incidunt error, iste ea, dolorem corporis dicta veniam fugiat maxime ex. Repellat, ut! Reiciendis incidunt quis mollitia officia quibusdam atque eveniet, excepturi voluptas! Eveniet quod quidem repellat nostrum, quibusdam sint, incidunt impedit obcaecati atque est nulla cupiditate id rem temporibus? Obcaecati quisquam fugiat adipisci? Fugiat fugit laborum facere aliquam veniam ex aperiam tenetur, neque repudiandae atque excepturi dolorem commodi cupiditate itaque quam accusamus?', NULL, 'F'),
	(82, 'Maria de Medeiros', '1958-11-12 11:58:06', 'Canadiense', 'Lorem ipsum, dolor sit amet consectetur adipisicing elit. Saepe nisi molestiae libero harum magni distinctio deleniti debitis a expedita quasi quisquam aperiam recusandae dicta voluptatibus sapiente laboriosam at autem suscipit quibusdam, repellendus ad corrupti. Reiciendis, quos obcaecati incidunt error, iste ea, dolorem corporis dicta veniam fugiat maxime ex. Repellat, ut! Reiciendis incidunt quis mollitia officia quibusdam atque eveniet, excepturi voluptas! Eveniet quod quidem repellat nostrum, quibusdam sint, incidunt impedit obcaecati atque est nulla cupiditate id rem temporibus? Obcaecati quisquam fugiat adipisci? Fugiat fugit laborum facere aliquam veniam ex aperiam tenetur, neque repudiandae atque excepturi dolorem commodi cupiditate itaque quam accusamus?', NULL, 'F'),
	(83, 'Maria de Medeiros', '1958-11-12 11:58:06', 'Canadiense', 'Lorem ipsum, dolor sit amet consectetur adipisicing elit. Saepe nisi molestiae libero harum magni distinctio deleniti debitis a expedita quasi quisquam aperiam recusandae dicta voluptatibus sapiente laboriosam at autem suscipit quibusdam, repellendus ad corrupti. Reiciendis, quos obcaecati incidunt error, iste ea, dolorem corporis dicta veniam fugiat maxime ex. Repellat, ut! Reiciendis incidunt quis mollitia officia quibusdam atque eveniet, excepturi voluptas! Eveniet quod quidem repellat nostrum, quibusdam sint, incidunt impedit obcaecati atque est nulla cupiditate id rem temporibus? Obcaecati quisquam fugiat adipisci? Fugiat fugit laborum facere aliquam veniam ex aperiam tenetur, neque repudiandae atque excepturi dolorem commodi cupiditate itaque quam accusamus?', NULL, 'F'),
	(87, 'Scarlet', '1978-03-25 00:00:00', 'Belga', 'lorem ipsum', '619d2dbe024b7.jpg', 'F');
/*!40000 ALTER TABLE `actor` ENABLE KEYS */;

-- Volcando estructura para tabla symfofilms.comment
DROP TABLE IF EXISTS `comment`;
CREATE TABLE IF NOT EXISTS `comment` (
  `id` int(11) NOT NULL AUTO_INCREMENT,
  `user_id` int(11) DEFAULT NULL,
  `content` longtext COLLATE utf8_unicode_ci NOT NULL,
  PRIMARY KEY (`id`),
  KEY `IDX_9474526CA76ED395` (`user_id`),
  CONSTRAINT `FK_9474526CA76ED395` FOREIGN KEY (`user_id`) REFERENCES `user` (`id`)
) ENGINE=InnoDB AUTO_INCREMENT=8 DEFAULT CHARSET=utf8 COLLATE=utf8_unicode_ci;

-- Volcando datos para la tabla symfofilms.comment: ~7 rows (aproximadamente)
DELETE FROM `comment`;
/*!40000 ALTER TABLE `comment` DISABLE KEYS */;
INSERT INTO `comment` (`id`, `user_id`, `content`) VALUES
	(1, 25, 'awesome'),
	(2, 14, 'awesome'),
	(3, 9, 'awesome'),
	(4, 25, 'awesome'),
	(5, 9, 'awesome'),
	(6, 9, 'awesome'),
	(7, 25, 'grandisima película');
/*!40000 ALTER TABLE `comment` ENABLE KEYS */;

-- Volcando estructura para tabla symfofilms.comment_movie
DROP TABLE IF EXISTS `comment_movie`;
CREATE TABLE IF NOT EXISTS `comment_movie` (
  `comment_id` int(11) NOT NULL,
  `movie_id` int(11) NOT NULL,
  PRIMARY KEY (`comment_id`,`movie_id`),
  KEY `IDX_B4C46A9EF8697D13` (`comment_id`),
  KEY `IDX_B4C46A9E8F93B6FC` (`movie_id`),
  CONSTRAINT `FK_B4C46A9E8F93B6FC` FOREIGN KEY (`movie_id`) REFERENCES `movie` (`id`) ON DELETE CASCADE,
  CONSTRAINT `FK_B4C46A9EF8697D13` FOREIGN KEY (`comment_id`) REFERENCES `comment` (`id`) ON DELETE CASCADE
) ENGINE=InnoDB DEFAULT CHARSET=utf8 COLLATE=utf8_unicode_ci;

-- Volcando datos para la tabla symfofilms.comment_movie: ~7 rows (aproximadamente)
DELETE FROM `comment_movie`;
/*!40000 ALTER TABLE `comment_movie` DISABLE KEYS */;
INSERT INTO `comment_movie` (`comment_id`, `movie_id`) VALUES
	(1, 76),
	(2, 76),
	(3, 1),
	(4, 74),
	(5, 10),
	(6, 6),
	(7, 90);
/*!40000 ALTER TABLE `comment_movie` ENABLE KEYS */;

-- Volcando estructura para tabla symfofilms.doctrine_migration_versions
DROP TABLE IF EXISTS `doctrine_migration_versions`;
CREATE TABLE IF NOT EXISTS `doctrine_migration_versions` (
  `version` varchar(191) COLLATE utf8_unicode_ci NOT NULL,
  `executed_at` datetime DEFAULT NULL,
  `execution_time` int(11) DEFAULT NULL,
  PRIMARY KEY (`version`)
) ENGINE=InnoDB DEFAULT CHARSET=utf8 COLLATE=utf8_unicode_ci;

-- Volcando datos para la tabla symfofilms.doctrine_migration_versions: ~16 rows (aproximadamente)
DELETE FROM `doctrine_migration_versions`;
/*!40000 ALTER TABLE `doctrine_migration_versions` DISABLE KEYS */;
INSERT INTO `doctrine_migration_versions` (`version`, `executed_at`, `execution_time`) VALUES
	('DoctrineMigrations\\Version20211025075943', '2021-10-30 08:06:01', 38),
	('DoctrineMigrations\\Version20211025082717', '2021-10-30 08:08:39', 49),
	('DoctrineMigrations\\Version20211025083921', '2021-10-30 08:08:44', 50),
	('DoctrineMigrations\\Version20211029102757', '2021-10-30 08:11:52', 50),
	('DoctrineMigrations\\Version20211029104448', '2021-10-30 08:11:56', 39),
	('DoctrineMigrations\\Version20211108113156', '2021-11-09 14:55:02', 100),
	('DoctrineMigrations\\Version20211110085651', '2021-11-12 10:55:45', 88),
	('DoctrineMigrations\\Version20211111073954', '2021-11-12 10:55:45', 79),
	('DoctrineMigrations\\Version20211116151923', '2021-11-16 15:19:52', 39),
	('DoctrineMigrations\\Version20211117113624', '2021-11-17 15:54:04', 92),
	('DoctrineMigrations\\Version20211117115432', '2021-11-17 15:54:04', 77),
	('DoctrineMigrations\\Version20211118120612', '2021-11-18 17:14:16', 77),
	('DoctrineMigrations\\Version20211122101058', '2021-11-23 14:33:44', 170),
	('DoctrineMigrations\\Version20211122104054', '2021-11-23 14:33:44', 72),
	('DoctrineMigrations\\Version20211122104301', '2021-11-23 14:33:44', 120),
	('DoctrineMigrations\\Version20211123092624', '2021-11-23 14:33:45', 111);
/*!40000 ALTER TABLE `doctrine_migration_versions` ENABLE KEYS */;

-- Volcando estructura para tabla symfofilms.movie
DROP TABLE IF EXISTS `movie`;
CREATE TABLE IF NOT EXISTS `movie` (
  `id` int(11) NOT NULL AUTO_INCREMENT,
  `titulo` varchar(128) COLLATE utf8_unicode_ci NOT NULL,
  `duracion` int(11) DEFAULT NULL,
  `director` varchar(128) COLLATE utf8_unicode_ci DEFAULT NULL,
  `genero` varchar(128) COLLATE utf8_unicode_ci DEFAULT NULL,
  `sinopsis` longtext COLLATE utf8_unicode_ci,
  `estreno` int(11) DEFAULT NULL,
  `valoracion` int(11) DEFAULT NULL,
  `caratula` varchar(255) COLLATE utf8_unicode_ci DEFAULT NULL,
  `user_id` int(11) DEFAULT NULL,
  PRIMARY KEY (`id`),
  KEY `IDX_1D5EF26FA76ED395` (`user_id`),
  CONSTRAINT `FK_1D5EF26FA76ED395` FOREIGN KEY (`user_id`) REFERENCES `user` (`id`)
) ENGINE=InnoDB AUTO_INCREMENT=91 DEFAULT CHARSET=utf8 COLLATE=utf8_unicode_ci;

-- Volcando datos para la tabla symfofilms.movie: ~28 rows (aproximadamente)
DELETE FROM `movie`;
/*!40000 ALTER TABLE `movie` DISABLE KEYS */;
INSERT INTO `movie` (`id`, `titulo`, `duracion`, `director`, `genero`, `sinopsis`, `estreno`, `valoracion`, `caratula`, `user_id`) VALUES
	(1, 'Shine a Light', 122, 'Martin Scorsese', 'Documental', 'Documental sobre los Rolling Stones. Un acercamiento riguroso, deslumbrante, divertido y profundamente humano al pasado y al presente de los cuatro miembros de la banda. Excelente equipo técnico en el que destacan los directores de fotografía Robert Richarson (Aviador, JFK), Mitch Amundsen (Misión Imposible 3), Stuart Dryburgh (El Piano), Robert Elswit (Buenas Noches, Buena Suerte), Ellen Kuras (Olvídate de Mí), Andrew Lesnie (EL Señor de los Anillos), Emmanuel Lubezki (Sleepy Hollow), Anastas Michos (Quiz Show), Declan Quinn (Leaving Las Vegas), John Toll (Braveheart) y Albert Mayles, director de GIMME SHELTER, documental sobre los trágicos eventos ocurridos en San Francisco en 1969 durante el concierto más multitudinario de los ROLLING STONES -información de la distribuidora-. (FILMAFFINITY)', 2008, 4, '618a95d65669f.jpg', 25),
	(2, 'Rocketman', 121, 'Dexter Fletcher', 'BioPic', '\'Rocketman\' es la historia de Elton John, desde sus años como niño prodigio del piano en la Royal Academy of Music hasta llegar a ser una superestrella de fama mundial gracias a su influyente y duradera asociación con su colaborador y letrista Bernie Taupin. (FILMAFFINITY)', 2019, 3, '618a94dfcf3e3.jpg', 25),
	(3, 'Bohemian Rhapsody', 134, 'Bryan Singer', 'BioPic', '\'Bohemian Rhapsody\' es una celebración del grupo Queen, de su música y de su singular cantante Freddie Mercury, que desafió estereotipos para convertirse en uno de los showmans más queridos del mundo. El film plasma el meteórico ascenso de la banda al olimpo de la música a través de sus icónicas canciones y su revolucionario sonido, su crisis cuando el estilo de vida de Mercury estuvo fuera de control, y su triunfal reunión en la víspera del Live Aid, en la que Mercury, mientras sufría una enfermedad que amenazaba su vida, lidera a la banda en uno de los conciertos de rock más grandes de la historia. Refleja asimismo cómo se cimentó el legado de una banda que siempre se pareció más a una familia, y que continúa inspirando soñadores y amantes de la música hasta nuestros días. (FILMAFFINITY)', 2018, 4, '618a94ff0d365.jpg', NULL),
	(4, 'The Song Remains the Same', 137, 'Peter Clifton & Joe Massot', 'Concierto', 'Concierto de Led Zeppelin, filmado en el Madison Square Garden durante su gira de 1973. (FILMAFFINITY)', 1976, 4, '619d19cc64ae6.jpg', 9),
	(5, 'The Last Waltz', 117, 'Martin Scorsese', 'Documental', 'Documental sobre el mundo del rock rodado en 1976 en el que Scorsese filma los conciertos de despedida de "The Band", por los que pasaron Bob Dylan, Van Morrison, Neil Young, Joni Mitchell, Neil Diamond, Eric Clapton y otras míticas figuras del rock de las últimas décadas. (FILMAFFINITY)', 1978, 4, '618a95392b080.jpg', NULL),
	(6, 'The Dirt', 107, 'Jeff Tremaine', 'BioPic', 'Basada en la autobiografía publicada por el grupo Mötley Crüe en 2001, esta obra refleja la historia de fama, sexo, drogas y rock \'n roll, así como el precio del exceso que tuvieron que pagar sus miembros. (FILMAFFINITY)', 2019, 2, '6197c00871f58.jpg', 25),
	(7, 'The Great Rock & Roll Swindle', 103, 'Julien Temple', 'BioPic', 'Biografía ficticia sobre los Sex Pistols (John Lydon, Sid Vicious, Paul Cook y Steve Jones). Su mánager Malcolm McLaren divulga, de modo maquiavélico, que la creación de la banda no era más que parte de un gran plan para engañar a las compañías de discos y agitar a la juventud indolente de todo el mundo. (FILMAFFINITY)', 1980, 3, '618a955c2740e.jpg', 9),
	(8, 'No Direction Home', 208, 'Martin Scorsese', 'Documental', 'Extraordinaria historia del viaje de Bob Dylan desde sus raíces en Minnesota hasta la época de sus comienzos en los cafés del Greenwich Village, pasando por su sonada ascensión al estrellato del pop en 1966. Joan Baez, Allen Ginsberg y otros comparten sus pensamientos y sentimientos sobre el joven cantante que cambiaría para siempre la música popular. Incluye entrevistas exclusivas y, además, secuencias y actuaciones inéditas. (FILMAFFINITY)', 2005, 2, '618a95691cda1.jpg', 25),
	(9, 'LennonNYC', 115, 'Michael Epstein', 'Documental', 'Documental que sigue la vida de John Lennon en Nueva York durante los años 70. Los últimos años de Lennon. "Lennonyc reconstruye la emigración voluntaria del ex-Beatle a la Gran Manzana, su escape de una Inglaterra que parecía haber dejado de quererle (y cuyos periódicos no cesaban de llamar "fea" a Yoko) para reinventarse como new yorker. Y, a la sazón, en este periodo quizás se unen el Lennon más feliz y el más desdichado. Con un genial despliegue de archivo, múltiples entrevistas con Lennon, declaraciones de todos los figurantes y extras de aquellos años (el fotógrafo Bob Gruen, los miembros de la Elephant\'s Memory band, productores, músicos) y, muy especialmente, las declaraciones actuales de Yoko Ono, Lennonyc reconstruye mes a mes, día a día, la vida neoyorquina de Lennon: su politización Yippie de los primeros años (y el irregular álbum de la Plastic Ono Band en que ésta se materializó), su "fin de semana perdido" en L.A., cuando Ono le echó de casa -ver documental de Nilsson en este In-Edit para más señas alcoholizadas-, la grabación angelina (y borrachuza) del disco Rock and roll con Phil Spector, los constantes intentos del FBI de deportarle de vuelta al Reino Unido, su vida familiar (nacimiento de su hijo Sean) y, cómo no, La Pasión de Lennon, su injusta, arbitraria y trágica muerte." (sinopsis extraída de in-edit). (FILMAFFINITY)', 1976, 4, '6197be8725558.jpg', 9),
	(10, 'Some Kind of Monster', 141, 'Joe Berlinger & Bruce Sinofsky', 'Documental', 'Documental sobre una de las mejores bandas de rock de los últimos tiempos. Se sumerge dentro del estudio de grabación y de las mentes de Metallica, según van grabando su álbum ganador del Grammy “St. Anger”, al tiempo que se enfrentan a altibajos en su comunicación, adicciones, la deserción de un miembro del grupo, paternidad, caos familiar y su casi total desintegración durante la época más turbulenta de sus veinte años de historia. (FILMAFFINITY)', 2004, 3, '618aa14da9dad.jpg', NULL),
	(73, 'Kurt Cobain: Montage of Heck', 132, 'Brett Morgen', 'Documental', 'El documental autorizado del malogrado músico Kurt Cobain, desde su primera época en Aberdeen Washington hasta su éxito con la banda grunge Nirvana. (FILMAFFINITY)', 2015, 4, '6197c18574069.jpg', 25),
	(74, 'Janis', 115, 'Amy Berg', 'Documental', 'Documental sobre la legendaria cantante estadounidense Janis Joplin (1943-1970). La artista Cat Power, cantante de rock de origen sureño, narra en primer persona cómo Janis Joplin llegó a convertirse en una estrella, a través de las cartas que Joplin escribió durante años a sus familiares, amigos y colaboradores, antes de su fatídica muerte a los 27 años. (FILMAFFINITY)', 2015, 4, '6197c1e96a87e.jpg', 9),
	(75, 'How the Beatles Changed the World', 110, 'Tom O\'Dell', 'Documental', 'La fascinante historia de la revolución cultural, social, espiritual y musical aparecida tras la llegada de los Beatles. El documental aborda el impacto que los cuatro miembros del grupo tuvieron, desde su primer impacto en Liverpool hasta su llegada a los Estados Unidos y su expansión por todo el mundo. De cómo unos subversivos jóvenes de clase media pasaron a convertirse en todo unos héroes contraculturales para toda una generación. Una nueva toma a la que quizás haya sido el grupo más importante en la historia de la música, cuyo impacto en la cultura popular parece imborrable.', 2017, 4, '6197c2455982f.jpg', 25),
	(76, 'This Is It', 111, 'Kenny Ortega', 'Documental', 'Película documental realizado con el material grabado durante los últimos ensayos del "rey del pop" Michael Jackson (29 de agosto de 1958-25 junio de 2009), que preparaba su regreso a los escenarios cuando murió por consumo de pastillas, en circustancias todavía no del todo claras. La mayor parte del montaje del film fue rodado en junio de 2009 en el Staples Center de Los Ángeles y The Forum en Inglewood, en California, cuando Michael preparaba su \'This is it\', la serie de 50 conciertos que iba a ofrecer en el O2 Arena de Londres. Dirige el documental Kenny Ortega, responsable de los "High School Musical". (FILMAFFINITY)', 2009, 3, '6197c318a09a9.jpg', NULL),
	(77, 'Dover: Die for Rock & Roll', 120, 'Miguel L. Garrido', NULL, '', 2022, 1, '619d15c230278.jpg', 25),
	(78, 'Reclaiming Amy', 59, 'Marina Parker', 'Documental', 'Con motivo del décimo aniversario de la muerte de Amy Winehouse, los padres Janis y Mitch, y sus amigos y familiares más cercanos, comparten la historia del ícono de la música británica', 2021, 1, '619d162583aea.jpg', 25),
	(79, 'Blackpink: The Show', 87, 'YG Entertainment', 'Documental', '', 2021, 3, '619d1693d883d.jpg', 25),
	(80, '1971: El año en el que la música lo cambió todo', 45, 'Asif Kapadia, Danielle Peck, James Rogan', 'Documental', 'Serie de TV (2021). 8 episodios. En una época tumultuosa, 1971 fue un año de innovación musical y renacimiento impulsado por la agitación política y cultural de la época. Las estrellas alcanzaron nuevas alturas, nuevos talentos irrumpieron en escena y los límites se expandieron como nunca antes. La serie documental brindará una mirada más cercana hacia los artistas y canciones más icónicos que todavía escuchamos 50 años después, incluidos The Rolling Stones, Aretha Franklin, Bob Marley, Marvin Gaye, The Who, Joni Mitchell, Lou Reed y más', 2021, 4, '619d16c0ed091.jpg', 25),
	(81, 'Jagged', 97, 'Alison Klayman', 'Documental', 'Documental sobre la vida y obra de la cantante Alanis Morissette, ganadora de 7 Premios Grammy y que se hizo mundialmente conocida en 1995 con su disco "Jagged Little Pill".', 2021, 4, '619d17103c918.jpg', 25),
	(82, 'Joe Bonamassa: Now Serving Royal Tea Live From The Ryman', 95, 'Joe Bonamassa', 'Documental', 'El año pasado, cuando el COVID-19 detuvo la industria de las giras en vivo, el héroe de la guitarra Joe Bonamassa hizo algo sin precedentes para sus fanáticos, organizó un espectáculo de una sola noche en el icónico Auditorio Ryman en Nashville, TN para ser transmitido en vivo para los fanáticos de todo el mundo. Esa noche reunió a personas de 44 países de todo el mundo para una presentación fenomenal de música en vivo de su nuevo álbum "Royal Tea" antes incluso de su lanzamiento.', 2021, 3, '619d173cc520a.jpg', 25),
	(83, 'Bob Dylan: Odds and Ends', 111, 'Jennifer Lebeau, John Hillcoat', 'Documental', 'Algunos de los momentos más importantes en la carrera del legendario músico, compositor, cantante y poeta estadounidense Bob Dylan a través de entrevistas, vídeos y cortometrajes de archivo.', 2021, 4, '619d1780b1d46.jpg', 25),
	(84, 'KISStory', 173, 'D.J. Viola', 'Documental', 'Documental sobre la banda neoyorkina KISS. Contada desde la perspectiva de los cofundadores Gene Simmons (bajo) y Paul Stanley (guitarra rítmica), sin la aprobación de los exmiembros fundadores Ace Frehley (guitarra principal) y Peter Criss (batería).', 2021, 2, '619d17c58f70c.jpg', 25),
	(85, 'Woodstock 99: Peace Love and Rage', 110, 'Garret Price', 'Documental', 'Woodstock 99, un festival de música de tres días con la intención de hacer eco de la unidad y del idealismo contracultural del concierto original de 1969 que, en su lugar, cae en revueltas, saqueos y abusos sexuales.', 2021, 4, '619d18162e32c.jpg', 25),
	(86, 'Blackpink: The Movie', 100, 'Oh Yoon-dong, Jung Su-yee', 'Documental', 'Película documental sobre el grupo femenino surcoreano Blackpink, que recopila imágenes inéditas de los cinco años desde el debut de las miembros del grupo, Jisoo, Jennie, Rosé y Lisa; y entrevistas especiales.', 2021, 3, '619d18892f156.jpg', 25),
	(87, 'What Drives Us', 88, 'Dave Grohl', 'Documental', 'Dirigida por Dave Grohl, este largometraje documental es una carta de amor al raro club del rock and roll, así como una inspiración para todos los niños pequeños que sueñan con una vida tocando música. Dave era ese niño. Y también Ringo, Annie Clark, The Edge, Steven Tyler y todos los demás. La lista es infinita. Si bien todos tienen historias, escandalosas, increíbles, locas y conmovedoras, todos comparten un vínculo común. En algún momento, antes de que nadie supiera su nombre, tuvieron un impulso imparable por compartir su música con el mundo. Su pasión los llevó a dejar todo atrás, lanzar la precaución al viento y perseguir su sueño. A nadie se le prometió nada, pero todos tenían un plan.', 2021, 4, '619d18c6b0aac.jpg', 25),
	(88, 'Becoming Led Zeppelin', 137, 'Bernard MacMahon', 'Documental', 'El proyecto, que se anunció primero en 2019, tiene un acceso sin precedentes a la banda, marcando la primera y única vez que el grupo ha participado en un documental en 50 años. Aunque el documental de 1976 \'The Song Remains The Same\' se centra en la banda, aquello fue en gran parte una película de concierto de una serie de actuaciones en el Madison Square Garden en 1973. (FILMAFFINITY)', 2021, 5, '619d19158f35e.jpg', 25),
	(89, 'I Feel Good: La historia de James Brown', 138, 'Tate Taylor', 'Documental', 'Basada en la extraordinaria trayectoria del padrino del soul, la película se adentra sin temor en la música, la vida y los estados de ánimo de James Brown, guiando al público en un viaje desde la dura infancia del cantante hasta que se convierte en una de las figuras más influyentes del siglo XX. (FILMAFFINITY)', 2014, 5, '619d19729691b.jpg', 25),
	(90, 'Searching for Sugar Man', 87, 'Malik Bendjelloul', 'Documental', 'A finales de los años 60, Sixto Rodríguez, un misterioso músico, fue descubierto en un bar de Detroit por dos productores que quedaron fascinados por sus melodías conmovedoras y sus letras proféticas. Grabaron dos discos con la convicción de que el artista se convertiría en uno de los más grandes de su generación. Sin embargo, el éxito nunca llegó, y el cantante desapareció en medio de rumores sobre su suicidio en un escenario. Mientras tanto, uno de los discos llegó a la Sudáfrica del Apartheid y se extendió por todo el país en grabaciones piratas, que hizo de Rodríguez un icono de la libertad y de la lucha contra el sistema. Mucho tiempo después, dos fans sudafricanos se empeñaron en averiguar qué había pasado realmente con Rodríguez y su investigación los llevó a conocer una historia extraordinaria. (FILMAFFINITY)', 2012, 5, '619d1a4713605.jpg', 25);
/*!40000 ALTER TABLE `movie` ENABLE KEYS */;

-- Volcando estructura para tabla symfofilms.movie_actor
DROP TABLE IF EXISTS `movie_actor`;
CREATE TABLE IF NOT EXISTS `movie_actor` (
  `movie_id` int(11) NOT NULL,
  `actor_id` int(11) NOT NULL,
  PRIMARY KEY (`movie_id`,`actor_id`),
  KEY `IDX_3A374C658F93B6FC` (`movie_id`),
  KEY `IDX_3A374C6510DAF24A` (`actor_id`),
  CONSTRAINT `FK_3A374C6510DAF24A` FOREIGN KEY (`actor_id`) REFERENCES `actor` (`id`) ON DELETE CASCADE,
  CONSTRAINT `FK_3A374C658F93B6FC` FOREIGN KEY (`movie_id`) REFERENCES `movie` (`id`) ON DELETE CASCADE
) ENGINE=InnoDB DEFAULT CHARSET=utf8 COLLATE=utf8_unicode_ci;

-- Volcando datos para la tabla symfofilms.movie_actor: ~1 rows (aproximadamente)
DELETE FROM `movie_actor`;
/*!40000 ALTER TABLE `movie_actor` DISABLE KEYS */;
INSERT INTO `movie_actor` (`movie_id`, `actor_id`) VALUES
	(76, 30);
/*!40000 ALTER TABLE `movie_actor` ENABLE KEYS */;

-- Volcando estructura para tabla symfofilms.reset_password_request
DROP TABLE IF EXISTS `reset_password_request`;
CREATE TABLE IF NOT EXISTS `reset_password_request` (
  `id` int(11) NOT NULL AUTO_INCREMENT,
  `user_id` int(11) NOT NULL,
  `selector` varchar(20) COLLATE utf8_unicode_ci NOT NULL,
  `hashed_token` varchar(100) COLLATE utf8_unicode_ci NOT NULL,
  `requested_at` datetime NOT NULL COMMENT '(DC2Type:datetime_immutable)',
  `expires_at` datetime NOT NULL COMMENT '(DC2Type:datetime_immutable)',
  PRIMARY KEY (`id`),
  KEY `IDX_7CE748AA76ED395` (`user_id`),
  CONSTRAINT `FK_7CE748AA76ED395` FOREIGN KEY (`user_id`) REFERENCES `user` (`id`)
) ENGINE=InnoDB DEFAULT CHARSET=utf8 COLLATE=utf8_unicode_ci;

-- Volcando datos para la tabla symfofilms.reset_password_request: ~0 rows (aproximadamente)
DELETE FROM `reset_password_request`;
/*!40000 ALTER TABLE `reset_password_request` DISABLE KEYS */;
/*!40000 ALTER TABLE `reset_password_request` ENABLE KEYS */;

-- Volcando estructura para tabla symfofilms.user
DROP TABLE IF EXISTS `user`;
CREATE TABLE IF NOT EXISTS `user` (
  `id` int(11) NOT NULL AUTO_INCREMENT,
  `email` varchar(180) COLLATE utf8_unicode_ci NOT NULL,
  `roles` longtext COLLATE utf8_unicode_ci NOT NULL COMMENT '(DC2Type:json)',
  `password` varchar(255) COLLATE utf8_unicode_ci NOT NULL,
  `displayname` varchar(32) COLLATE utf8_unicode_ci NOT NULL,
  `is_verified` tinyint(1) NOT NULL,
  `avatar` varchar(255) COLLATE utf8_unicode_ci DEFAULT NULL,
  PRIMARY KEY (`id`),
  UNIQUE KEY `UNIQ_8D93D649E7927C74` (`email`)
) ENGINE=InnoDB AUTO_INCREMENT=26 DEFAULT CHARSET=utf8 COLLATE=utf8_unicode_ci;

-- Volcando datos para la tabla symfofilms.user: ~23 rows (aproximadamente)
DELETE FROM `user`;
/*!40000 ALTER TABLE `user` DISABLE KEYS */;
INSERT INTO `user` (`id`, `email`, `roles`, `password`, `displayname`, `is_verified`, `avatar`) VALUES
	(1, 'paco@paco.com', '[]', '$2y$13$V9zmnXrMp3jhUGHE0Ec6LOj4GASkAlO/5iS2a6YWuvYeKp8lSSRD.', 'pacoj', 0, NULL),
	(2, 'paco2@paco.com', '[]', '$2y$13$ElHz2S7kdhD1ZdOM9mJ/6...sMvl0qNPWrtkpzRWTelfLI9gBv4bW', 'pacoj2', 0, NULL),
	(3, 'paaez@gmail.com', '[]', '$2y$13$6YESX1WIEmNDT8XY5q4AhuoWujzfwWBRZ7yGv3.DBjj8ei9N60PjW', 'pacooo', 0, NULL),
	(4, 'pacojaez@gail.com', '[]', '$2y$13$Q1YAQe4nRzIWGYaxHBTgUO/DJ4cvUVAcXJu5jAc1iwr39ihRbdj/O', 'pacooo', 0, '(NULL)'),
	(5, 'paae@gmail.com', '[]', '$2y$13$DwKFW7nXo8VI11g.NtJlN.F/PepQ6ozcTIX68uh2MmemIlENZJ1g2', 'pacooo', 0, '(NULL)'),
	(6, 'pacojaez@gml.com', '[]', '$2y$13$0ysQ002.VMyJDa90KkP1fehqWiBx.9YXjLT4EiVu33N270ZLq/xNq', 'pacooo', 0, NULL),
	(7, 'cojaez@gmail.com', '[]', '$2y$13$8R.x6t/xAxRSAb7XDsyi/Oev/puIewQO7mAJJ.73IgSv6b4GbVmKi', 'pacooo', 0, NULL),
	(8, 'pacoz@gmail.com', '[]', '$2y$13$yvUB.yOOASAITpcWt00qDuZgJa/7ki/OLR0o0uHC96TxzceVEwYJq', 'pacooo', 0, NULL),
	(9, 'juan@gmail.com', '[]', '$2y$13$/10FCgBdsEqeemxpRHmkIeeo9TO9D6omWh8SxwTYk/o4aqkxEgXRW', 'pacooo', 0, NULL),
	(10, 'pacoz@gmail.co', '[]', '$2y$13$KR49EIoMvvUdnJ99AgN7Tug67J/BirijoxWbF2LtTr4JqlJvOkj7a', 'pacooo', 0, NULL),
	(12, 'pac43434ojaez@gmail.com', '[]', '$2y$13$wq8OrAezBqrm9FXtlD2CBOYQPJMj618A9MCICGcyI9kVBQneUotwG', 'pacooo', 0, NULL),
	(13, 'pacojae545454545451z@gmail.com', '[]', '$2y$13$tU8/1F2krhTNi3SKL7CdouNxqfMhw2q/l9aPaC6uBiRh3XoIx4zQ2', 'pacooo', 1, NULL),
	(14, 'pacojae23232z@gmail.com', '[]', '$2y$13$nhZ4SM9bNCl16e2QIlqaZO0ipHlvoqxx6VkQUALRp9Ih5lMjc3Ql6', 'pacooo', 1, '61967c3ac52f1.jpg'),
	(15, 'paco3232q32323jaez@gmail.com', '[]', '$2y$13$7JlrhF1KYKfGp19dAz1TKuN4clq/bYNGDeLtG/oqb/eEfe7OietaS', 'pacooo', 0, '61967d31c5460.jpg'),
	(16, 'pacojaffffez@gmail.com', '[]', '$2y$13$mZsCzrYBzoS9R9f7bk5AWOy4MX8FLxX66RW8LRUg5mw7s7I2TPu3i', 'pacooo', 0, '61967e8b7feaa.jpg'),
	(17, 'pacoj54545454Kaez@gmail.com', '[]', '$2y$13$lM8i3Mm1pkvcvdWxQ2RlX.nSRTjpcAAXsWphY0hZSBG.wqV14HP4y', 'pacooo', 0, '61967f0d1d204.jpg'),
	(18, 'pacojaez424324@gmail.com', '[]', '$2y$13$rjUvnAuasX1s3oQyVQjineq/nSeEUgaGSmiSx0OxYq3hGoxNABq4q', 'pacooo', 0, '61975463e7a6f.jpg'),
	(19, 'pacojTGDFGaez@gmail.com', '[]', '$2y$13$UD72p.txbsvhE0jKHaslVelHVPZEFU7DaVDWmbpzvRX4T8iZHftDO', 'pacooo', 0, '6197551c7f694.jpg'),
	(20, 'pacoFDFDSFDSFjaez@gmail.com', '[]', '$2y$13$.cy9.VFaex77sTz3G8JBCuCPzqbMMOuYmS5QyUquVuCRYFeO4cPoC', 'pacooo', 0, '619755c086713.jpg'),
	(21, 'pacojaeWWWWz@gmail.com', '[]', '$2y$13$0P8eGEQMwQ40WC8meAS3luLpREbXDMqtlU5b6NUuP1x0p0zuq/QQi', 'pacooo', 0, '6197562d2e9c8.jpg'),
	(22, 'pacojaez21212@gmail.com', '[]', '$2y$13$XVFi5msu4xSIViuxZdh6IeXBY7UP62vQbToAUfYxb1wkgdFjHicBO', 'pacooo', 1, '619756ccee5c3.jpg'),
	(23, 'pacojaeWWddWWz@gmail.com', '[]', '$2y$13$2xiTpTZr1WMS93bk2wTS8erLh3MVbu9rG0G3inATnFofglKrS.Cny', 'pacooo', 0, NULL),
	(25, 'pacojaez@gmail.com', '[]', '$2y$13$uPAfgcCqvjt3evqEJgUYSebm5iiGhQDEu3JhjzX0qNxODH9ng16vy', 'Michael MacConahugh', 1, '619cfc8e3cf07.jpg');
/*!40000 ALTER TABLE `user` ENABLE KEYS */;

/*!40101 SET SQL_MODE=IFNULL(@OLD_SQL_MODE, '') */;
/*!40014 SET FOREIGN_KEY_CHECKS=IF(@OLD_FOREIGN_KEY_CHECKS IS NULL, 1, @OLD_FOREIGN_KEY_CHECKS) */;
/*!40101 SET CHARACTER_SET_CLIENT=@OLD_CHARACTER_SET_CLIENT */;
